"site","year","replicate","date","period","ncolonies","prev_bleached","prev_verypale","prev_anybleaching","prev_nobleaching"
"Black Point",2022,"1",2022-10-10,"Annual",144,0.694444444444444,0,0.694444444444444,99.3055555555556
"Black Point",2022,"2",2022-10-10,"Annual",202,0,0,0,100
"Black Point",2022,"3",2022-10-10,"Annual",312,0.961538461538462,0,0.961538461538462,99.0384615384615
"Black Point",2022,"4",2022-10-10,"Annual",24,0,0,0,100
"Black Point",2022,"5",2022-10-10,"Annual",20,0,0,0,100
"Black Point",2022,"6",2022-10-10,"Annual",30,0,0,0,100
"Black Point",2023,"1",2023-10-17,"Annual",141,2.12765957446809,0,2.12765957446809,97.8723404255319
"Black Point",2023,"2",2023-10-17,"Annual",156,16.025641025641,1.28205128205128,16.025641025641,83.974358974359
"Black Point",2023,"3",2023-10-17,"Annual",160,31.875,3.75,33.75,66.25
"Black Point",2023,"4",2023-10-17,"Annual",21,33.3333333333333,23.8095238095238,57.1428571428571,42.8571428571429
"Black Point",2023,"5",2023-10-17,"Annual",48,0,0,0,100
"Black Point",2023,"6",2023-10-17,"Annual",34,0,0,0,100
"Black Point",2024,"1",2024-02-15,"PBL",6,0,0,0,100
"Black Point",2024,"1",2024-10-11,"Annual",84,2.38095238095238,0,2.38095238095238,97.6190476190476
"Black Point",2024,"2",2024-02-15,"PBL",102,0,0,0,100
"Black Point",2024,"2",2024-10-11,"Annual",45,2.22222222222222,0,2.22222222222222,97.7777777777778
"Black Point",2024,"3",2024-02-15,"PBL",142,0,0,0,100
"Black Point",2024,"3",2024-10-11,"Annual",113,13.2743362831858,5.30973451327434,18.5840707964602,81.4159292035398
"Black Point",2024,"4",2024-02-15,"PBL",20,0,0,0,100
"Black Point",2024,"4",2024-10-11,"Annual",25,0,0,0,100
"Black Point",2024,"5",2024-02-15,"PBL",33,0,0,0,100
"Black Point",2024,"5",2024-10-11,"Annual",35,8.57142857142857,11.4285714285714,20,80
"Black Point",2024,"6",2024-02-15,"PBL",22,0,0,0,100
"Black Point",2024,"6",2024-10-11,"Annual",27,0,0,0,100
"Black Point",2025,"1",2025-03-26,"PBL",51,1.96078431372549,0,1.96078431372549,98.0392156862745
"Black Point",2025,"2",2025-03-26,"PBL",84,0,0,0,100
"Black Point",2025,"3",2025-03-26,"PBL",90,1.11111111111111,0,1.11111111111111,98.8888888888889
"Black Point",2025,"4",2025-03-26,"PBL",16,0,0,0,100
"Black Point",2025,"5",2025-03-26,"PBL",32,0,0,0,100
"Black Point",2025,"6",2025-03-26,"PBL",27,0,0,0,100
"Botany Bay",2022,"1",2022-10-03,"Annual",42,0,0,0,100
"Botany Bay",2022,"2",2022-10-03,"Annual",43,2.32558139534884,0,2.32558139534884,97.6744186046512
"Botany Bay",2022,"3",2022-10-03,"Annual",37,0,0,0,100
"Botany Bay",2022,"4",2022-10-03,"Annual",11,0,0,0,100
"Botany Bay",2022,"5",2022-10-03,"Annual",7,0,0,0,100
"Botany Bay",2022,"6",2022-10-03,"Annual",8,0,0,0,100
"Botany Bay",2023,"1",2023-10-12,"Annual",43,0,0,0,100
"Botany Bay",2023,"2",2023-10-12,"Annual",38,0,2.63157894736842,2.63157894736842,97.3684210526316
"Botany Bay",2023,"3",2023-10-12,"Annual",26,11.5384615384615,0,11.5384615384615,88.4615384615385
"Botany Bay",2023,"4",2023-10-12,"Annual",69,8.69565217391304,0,8.69565217391304,91.304347826087
"Botany Bay",2023,"5",2023-10-12,"Annual",4,0,0,0,100
"Botany Bay",2023,"6",2023-10-12,"Annual",8,0,0,0,100
"Botany Bay",2024,"1",2024-04-17,"PBL",42,2.38095238095238,0,2.38095238095238,97.6190476190476
"Botany Bay",2024,"1",2024-10-17,"Annual",60,3.33333333333333,0,3.33333333333333,96.6666666666667
"Botany Bay",2024,"2",2024-04-17,"PBL",35,0,0,0,100
"Botany Bay",2024,"2",2024-10-17,"Annual",48,2.08333333333333,0,2.08333333333333,97.9166666666667
"Botany Bay",2024,"3",2024-04-17,"PBL",27,0,0,0,100
"Botany Bay",2024,"3",2024-10-17,"Annual",34,38.2352941176471,0,38.2352941176471,61.7647058823529
"Botany Bay",2024,"4",2024-04-17,"PBL",12,0,0,0,100
"Botany Bay",2024,"4",2024-10-17,"Annual",18,5.55555555555556,0,5.55555555555556,94.4444444444444
"Botany Bay",2024,"5",2024-04-17,"PBL",7,0,0,0,100
"Botany Bay",2024,"5",2024-10-17,"Annual",8,0,0,0,100
"Botany Bay",2024,"6",2024-04-17,"PBL",6,0,0,0,100
"Botany Bay",2024,"6",2024-10-17,"Annual",17,17.6470588235294,0,17.6470588235294,82.3529411764706
"Botany Bay",2025,"1",2025-03-19,"PBL",44,4.54545454545455,0,4.54545454545455,95.4545454545455
"Botany Bay",2025,"2",2025-03-19,"PBL",39,0,0,0,100
"Botany Bay",2025,"3",2025-03-19,"PBL",30,0,3.33333333333333,3.33333333333333,96.6666666666667
"Botany Bay",2025,"4",2025-03-19,"PBL",9,0,0,0,100
"Botany Bay",2025,"5",2025-03-19,"PBL",4,0,0,0,100
"Botany Bay",2025,"6",2025-03-19,"PBL",3,0,0,0,100
"Brewers Bay",2022,"1",2022-09-23,"Annual",32,3.125,0,3.125,96.875
"Brewers Bay",2022,"2",2022-09-23,"Annual",28,3.57142857142857,0,3.57142857142857,96.4285714285714
"Brewers Bay",2022,"3",2022-09-23,"Annual",15,0,0,0,100
"Brewers Bay",2022,"4",2022-09-23,"Annual",16,0,0,0,100
"Brewers Bay",2022,"5",2022-09-23,"Annual",33,0,0,0,100
"Brewers Bay",2022,"6",2022-09-23,"Annual",13,0,0,0,100
"Brewers Bay",2023,"1",2023-10-17,"Annual",23,4.34782608695652,0,4.34782608695652,95.6521739130435
"Brewers Bay",2023,"2",2023-10-17,"Annual",19,0,0,0,100
"Brewers Bay",2023,"3",2023-10-17,"Annual",19,21.0526315789474,0,21.0526315789474,78.9473684210526
"Brewers Bay",2023,"4",2023-10-17,"Annual",34,5.88235294117647,0,5.88235294117647,94.1176470588235
"Brewers Bay",2023,"5",2023-10-17,"Annual",19,21.0526315789474,0,21.0526315789474,78.9473684210526
"Brewers Bay",2023,"6",2023-10-17,"Annual",15,0,0,0,100
"Brewers Bay",2024,"1",2024-04-11,"PBL",25,0,0,0,100
"Brewers Bay",2024,"1",2024-10-11,"Annual",22,0,0,0,100
"Brewers Bay",2024,"2",2024-04-11,"PBL",12,0,0,0,100
"Brewers Bay",2024,"2",2024-10-11,"Annual",15,0,0,0,100
"Brewers Bay",2024,"3",2024-04-11,"PBL",13,0,0,0,100
"Brewers Bay",2024,"3",2024-10-11,"Annual",14,0,0,0,100
"Brewers Bay",2024,"4",2024-04-11,"PBL",22,0,0,0,100
"Brewers Bay",2024,"4",2024-10-11,"Annual",31,0,0,0,100
"Brewers Bay",2024,"5",2024-04-11,"PBL",20,0,0,0,100
"Brewers Bay",2024,"5",2024-10-11,"Annual",29,3.44827586206897,0,3.44827586206897,96.551724137931
"Brewers Bay",2024,"6",2024-04-11,"PBL",11,0,0,0,100
"Brewers Bay",2024,"6",2024-10-11,"Annual",11,0,0,0,100
"Brewers Bay",2025,"1",2025-03-26,"PBL",15,0,0,0,100
"Brewers Bay",2025,"2",2025-03-26,"PBL",11,0,0,0,100
"Brewers Bay",2025,"3",2025-03-26,"PBL",16,6.25,0,6.25,93.75
"Brewers Bay",2025,"4",2025-03-26,"PBL",25,0,0,0,100
"Brewers Bay",2025,"5",2025-03-26,"PBL",21,0,0,0,100
"Brewers Bay",2025,"6",2025-03-26,"PBL",18,0,0,0,100
"Buck Island STT",2022,"1",2022-10-04,"Annual",10,0,0,0,100
"Buck Island STT",2022,"2",2022-10-04,"Annual",9,0,0,0,100
"Buck Island STT",2022,"3",2022-10-04,"Annual",12,0,0,0,100
"Buck Island STT",2022,"4",2022-10-04,"Annual",67,1.49253731343284,0,1.49253731343284,98.5074626865672
"Buck Island STT",2022,"5",2022-10-04,"Annual",64,0,0,0,100
"Buck Island STT",2022,"6",2022-10-04,"Annual",43,0,0,0,100
"Buck Island STT",2023,"1",2023-10-19,"Annual",10,0,0,0,100
"Buck Island STT",2023,"2",2023-10-19,"Annual",7,0,0,0,100
"Buck Island STT",2023,"3",2023-10-19,"Annual",11,0,0,0,100
"Buck Island STT",2023,"4",2023-10-19,"Annual",78,2.56410256410256,0,2.56410256410256,97.4358974358974
"Buck Island STT",2023,"5",2023-10-30,"Annual",70,0,0,0,100
"Buck Island STT",2023,"6",2023-10-19,"Annual",80,11.25,7.5,18.75,81.25
"Buck Island STT",2024,"1",2024-04-02,"PBL",15,0,0,0,100
"Buck Island STT",2024,"1",2024-10-18,"Annual",17,0,0,0,100
"Buck Island STT",2024,"2",2024-04-02,"PBL",8,0,0,0,100
"Buck Island STT",2024,"2",2024-10-18,"Annual",11,0,0,0,100
"Buck Island STT",2024,"3",2024-04-02,"PBL",10,0,0,0,100
"Buck Island STT",2024,"3",2024-10-18,"Annual",10,0,0,0,100
"Buck Island STT",2024,"4",2024-04-02,"PBL",62,0,0,0,100
"Buck Island STT",2024,"4",2024-10-18,"Annual",89,0,1.12359550561798,1.12359550561798,98.876404494382
"Buck Island STT",2024,"5",2024-04-02,"PBL",84,0,0,0,100
"Buck Island STT",2024,"5",2024-10-18,"Annual",61,39.344262295082,0,39.344262295082,60.655737704918
"Buck Island STT",2024,"6",2024-04-02,"PBL",60,0,1.66666666666667,1.66666666666667,98.3333333333333
"Buck Island STT",2024,"6",2024-10-18,"Annual",60,41.6666666666667,3.33333333333333,45,55
"Buck Island STT",2025,"1",2025-03-20,"PBL",14,0,0,0,100
"Buck Island STT",2025,"2",2025-03-20,"PBL",11,0,0,0,100
"Buck Island STT",2025,"3",2025-03-20,"PBL",16,0,0,0,100
"Buck Island STT",2025,"4",2025-03-20,"PBL",50,0,0,0,100
"Buck Island STT",2025,"5",2025-03-20,"PBL",31,0,0,0,100
"Buck Island STT",2025,"6",2025-03-20,"PBL",34,2.94117647058824,0,2.94117647058824,97.0588235294118
"Buck Island STX",2022,"1",2022-10-17,"Annual",17,0,0,0,100
"Buck Island STX",2022,"2",2022-10-17,"Annual",15,0,0,0,100
"Buck Island STX",2022,"3",2022-10-17,"Annual",9,0,0,0,100
"Buck Island STX",2022,"4",2022-10-17,"Annual",15,0,0,0,100
"Buck Island STX",2022,"5",2022-10-17,"Annual",9,0,0,0,100
"Buck Island STX",2022,"6",2022-10-17,"Annual",12,0,0,0,100
"Buck Island STX",2023,"1",2023-11-09,"Annual",11,9.09090909090909,0,9.09090909090909,90.9090909090909
"Buck Island STX",2023,"2",2023-11-09,"Annual",13,30.7692307692308,7.69230769230769,38.4615384615385,61.5384615384615
"Buck Island STX",2023,"3",2023-11-09,"Annual",16,12.5,0,12.5,87.5
"Buck Island STX",2023,"4",2023-11-09,"Annual",21,9.52380952380952,0,9.52380952380952,90.4761904761905
"Buck Island STX",2023,"5",2023-11-09,"Annual",13,0,0,0,100
"Buck Island STX",2023,"6",2023-11-09,"Annual",14,0,0,0,100
"Buck Island STX",2024,"1",2024-03-13,"PBL",15,0,0,0,100
"Buck Island STX",2024,"1",2024-11-11,"Annual",16,0,0,0,100
"Buck Island STX",2024,"2",2024-03-13,"PBL",8,0,0,0,100
"Buck Island STX",2024,"2",2024-11-11,"Annual",9,0,0,0,100
"Buck Island STX",2024,"3",2024-03-13,"PBL",15,0,0,0,100
"Buck Island STX",2024,"3",2024-11-11,"Annual",9,0,0,0,100
"Buck Island STX",2024,"4",2024-03-13,"PBL",12,0,0,0,100
"Buck Island STX",2024,"4",2024-11-11,"Annual",11,0,0,0,100
"Buck Island STX",2024,"5",2024-03-13,"PBL",10,0,0,0,100
"Buck Island STX",2024,"5",2024-11-11,"Annual",9,0,0,0,100
"Buck Island STX",2024,"6",2024-03-13,"PBL",9,0,0,0,100
"Buck Island STX",2024,"6",2024-11-11,"Annual",13,0,0,0,100
"Buck Island STX",2025,"1",2025-04-11,"PBL",13,0,0,0,100
"Buck Island STX",2025,"2",2025-04-11,"PBL",13,0,0,0,100
"Buck Island STX",2025,"3",2025-04-11,"PBL",11,0,0,0,100
"Buck Island STX",2025,"4",2025-04-11,"PBL",14,0,0,0,100
"Buck Island STX",2025,"5",2025-04-11,"PBL",6,0,0,0,100
"Buck Island STX",2025,"6",2025-04-11,"PBL",9,0,0,0,100
"Buck Island STX Deep",2022,"1",2022-10-19,"Annual",10,0,0,0,100
"Buck Island STX Deep",2022,"2",2022-10-19,"Annual",14,0,0,0,100
"Buck Island STX Deep",2022,"3",2022-10-19,"Annual",10,10,0,10,90
"Buck Island STX Deep",2022,"4",2022-10-19,"Annual",11,0,0,0,100
"Buck Island STX Deep",2022,"5",2022-10-19,"Annual",10,0,0,0,100
"Buck Island STX Deep",2022,"6",2022-10-19,"Annual",9,0,0,0,100
"Buck Island STX Deep",2023,"1",2023-11-09,"Annual",10,0,0,0,100
"Buck Island STX Deep",2023,"2",2023-11-09,"Annual",14,0,0,0,100
"Buck Island STX Deep",2023,"3",2023-11-09,"Annual",7,0,0,0,100
"Buck Island STX Deep",2023,"4",2023-11-09,"Annual",8,0,0,0,100
"Buck Island STX Deep",2023,"5",2023-11-09,"Annual",7,0,0,0,100
"Buck Island STX Deep",2023,"6",2023-11-09,"Annual",9,0,0,0,100
"Buck Island STX Deep",2024,"1",2024-03-11,"PBL",9,0,0,0,100
"Buck Island STX Deep",2024,"1",2024-11-11,"Annual",9,0,0,0,100
"Buck Island STX Deep",2024,"2",2024-03-11,"PBL",12,0,0,0,100
"Buck Island STX Deep",2024,"2",2024-11-11,"Annual",13,0,0,0,100
"Buck Island STX Deep",2024,"3",2024-03-11,"PBL",8,0,0,0,100
"Buck Island STX Deep",2024,"3",2024-11-11,"Annual",8,0,0,0,100
"Buck Island STX Deep",2024,"4",2024-03-11,"PBL",7,0,0,0,100
"Buck Island STX Deep",2024,"4",2024-11-11,"Annual",11,0,0,0,100
"Buck Island STX Deep",2024,"5",2024-03-11,"PBL",10,0,0,0,100
"Buck Island STX Deep",2024,"5",2024-11-11,"Annual",11,0,0,0,100
"Buck Island STX Deep",2024,"6",2024-03-11,"PBL",13,0,0,0,100
"Buck Island STX Deep",2024,"6",2024-11-11,"Annual",13,0,0,0,100
"Buck Island STX Deep",2025,"1",2025-04-11,"PBL",9,0,0,0,100
"Buck Island STX Deep",2025,"2",2025-04-11,"PBL",10,0,0,0,100
"Buck Island STX Deep",2025,"3",2025-04-11,"PBL",8,0,0,0,100
"Buck Island STX Deep",2025,"4",2025-04-11,"PBL",8,0,0,0,100
"Buck Island STX Deep",2025,"5",2025-04-11,"PBL",9,0,0,0,100
"Buck Island STX Deep",2025,"6",2025-04-11,"PBL",11,0,0,0,100
"Cane Bay",2022,"1",2022-11-18,"Annual",8,0,0,0,100
"Cane Bay",2022,"2",2022-11-18,"Annual",14,0,0,0,100
"Cane Bay",2022,"3",2022-11-18,"Annual",10,10,0,10,90
"Cane Bay",2022,"4",2022-11-18,"Annual",16,0,0,0,100
"Cane Bay",2022,"5",2022-11-18,"Annual",13,0,0,0,100
"Cane Bay",2022,"6",2022-11-18,"Annual",14,0,0,0,100
"Cane Bay",2023,"1",2023-11-12,"Annual",10,0,0,0,100
"Cane Bay",2023,"2",2023-11-12,"Annual",17,0,0,0,100
"Cane Bay",2023,"3",2023-11-12,"Annual",18,5.55555555555556,0,5.55555555555556,94.4444444444444
"Cane Bay",2023,"4",2023-11-12,"Annual",22,0,0,0,100
"Cane Bay",2023,"5",2023-11-12,"Annual",16,0,0,0,100
"Cane Bay",2023,"6",2023-11-12,"Annual",21,9.52380952380952,0,9.52380952380952,90.4761904761905
"Cane Bay",2024,"1",2024-03-13,"PBL",10,0,0,0,100
"Cane Bay",2024,"1",2024-11-12,"Annual",6,0,0,0,100
"Cane Bay",2024,"2",2024-03-13,"PBL",17,0,0,0,100
"Cane Bay",2024,"2",2024-11-12,"Annual",9,0,0,0,100
"Cane Bay",2024,"3",2024-03-13,"PBL",12,0,0,0,100
"Cane Bay",2024,"3",2024-11-12,"Annual",12,0,0,0,100
"Cane Bay",2024,"4",2024-03-13,"PBL",11,0,0,0,100
"Cane Bay",2024,"4",2024-11-12,"Annual",7,14.2857142857143,0,14.2857142857143,85.7142857142857
"Cane Bay",2024,"5",2024-03-13,"PBL",21,0,0,0,100
"Cane Bay",2024,"5",2024-11-12,"Annual",17,17.6470588235294,0,17.6470588235294,82.3529411764706
"Cane Bay",2024,"6",2024-03-13,"PBL",15,0,0,0,100
"Cane Bay",2024,"6",2024-11-12,"Annual",18,22.2222222222222,0,22.2222222222222,77.7777777777778
"Cane Bay",2025,"1",2025-04-16,"PBL",23,0,0,0,100
"Cane Bay",2025,"2",2025-04-16,"PBL",28,0,0,0,100
"Cane Bay",2025,"3",2025-04-16,"PBL",13,0,0,0,100
"Cane Bay",2025,"4",2025-04-16,"PBL",12,8.33333333333333,0,8.33333333333333,91.6666666666667
"Cane Bay",2025,"5",2025-04-16,"PBL",24,0,0,0,100
"Cane Bay",2025,"6",2025-04-16,"PBL",15,0,0,0,100
"Cane Bay Deep",2022,"1",2022-11-18,"Annual",7,0,0,0,100
"Cane Bay Deep",2022,"2",2022-11-18,"Annual",8,0,0,0,100
"Cane Bay Deep",2022,"3",2022-11-18,"Annual",3,0,0,0,100
"Cane Bay Deep",2022,"4",2022-11-18,"Annual",7,0,0,0,100
"Cane Bay Deep",2022,"5",2022-11-18,"Annual",7,0,0,0,100
"Cane Bay Deep",2022,"6",2022-11-18,"Annual",9,0,0,0,100
"Cane Bay Deep",2023,"1",2023-11-12,"Annual",6,0,0,0,100
"Cane Bay Deep",2023,"2",2023-11-12,"Annual",5,0,0,0,100
"Cane Bay Deep",2023,"3",2023-11-12,"Annual",4,0,0,0,100
"Cane Bay Deep",2023,"4",2023-11-12,"Annual",5,0,0,0,100
"Cane Bay Deep",2023,"5",2023-11-12,"Annual",7,0,0,0,100
"Cane Bay Deep",2023,"6",2023-11-12,"Annual",9,0,0,0,100
"Cane Bay Deep",2024,"1",2024-03-13,"PBL",7,0,0,0,100
"Cane Bay Deep",2024,"1",2024-11-12,"Annual",7,0,0,0,100
"Cane Bay Deep",2024,"2",2024-03-13,"PBL",5,0,0,0,100
"Cane Bay Deep",2024,"2",2024-11-12,"Annual",5,0,0,0,100
"Cane Bay Deep",2024,"3",2024-03-13,"PBL",13,0,0,0,100
"Cane Bay Deep",2024,"3",2024-11-12,"Annual",7,0,0,0,100
"Cane Bay Deep",2024,"4",2024-03-13,"PBL",6,16.6666666666667,0,16.6666666666667,83.3333333333333
"Cane Bay Deep",2024,"4",2024-11-12,"Annual",7,0,0,0,100
"Cane Bay Deep",2024,"5",2024-03-13,"PBL",5,0,0,0,100
"Cane Bay Deep",2024,"5",2024-11-12,"Annual",8,0,0,0,100
"Cane Bay Deep",2024,"6",2024-03-13,"PBL",6,0,0,0,100
"Cane Bay Deep",2024,"6",2024-11-12,"Annual",13,0,0,0,100
"Cane Bay Deep",2025,"1",2025-04-16,"PBL",11,0,0,0,100
"Cane Bay Deep",2025,"2",2025-04-16,"PBL",8,0,0,0,100
"Cane Bay Deep",2025,"3",2025-04-16,"PBL",3,0,0,0,100
"Cane Bay Deep",2025,"4",2025-04-16,"PBL",5,0,0,0,100
"Cane Bay Deep",2025,"5",2025-04-16,"PBL",7,0,0,0,100
"Cane Bay Deep",2025,"6",2025-04-16,"PBL",4,0,0,0,100
"Castle",2022,"1",2022-10-19,"Annual",14,7.14285714285714,0,7.14285714285714,92.8571428571429
"Castle",2022,"2",2022-10-19,"Annual",14,0,0,0,100
"Castle",2022,"3",2022-10-19,"Annual",18,0,0,0,100
"Castle",2022,"4",2022-10-19,"Annual",10,0,0,0,100
"Castle",2022,"5",2022-10-19,"Annual",11,0,0,0,100
"Castle",2022,"6",2022-10-19,"Annual",22,0,0,0,100
"Castle",2023,"1",2023-11-13,"Annual",19,0,0,0,100
"Castle",2023,"2",2023-11-13,"Annual",21,0,4.76190476190476,4.76190476190476,95.2380952380952
"Castle",2023,"3",2023-11-13,"Annual",18,11.1111111111111,0,11.1111111111111,88.8888888888889
"Castle",2023,"4",2023-11-13,"Annual",15,6.66666666666667,0,6.66666666666667,93.3333333333333
"Castle",2023,"5",2023-11-13,"Annual",17,0,0,0,100
"Castle",2023,"6",2023-11-13,"Annual",21,0,0,0,100
"Castle",2024,"1",2024-03-11,"PBL",16,0,0,0,100
"Castle",2024,"1",2024-11-12,"Annual",11,0,0,0,100
"Castle",2024,"2",2024-03-11,"PBL",14,0,0,0,100
"Castle",2024,"2",2024-11-12,"Annual",14,0,0,0,100
"Castle",2024,"3",2024-03-11,"PBL",17,0,0,0,100
"Castle",2024,"3",2024-11-12,"Annual",10,0,0,0,100
"Castle",2024,"4",2024-03-11,"PBL",14,0,0,0,100
"Castle",2024,"4",2024-11-12,"Annual",8,12.5,0,12.5,87.5
"Castle",2024,"5",2024-03-11,"PBL",13,0,0,0,100
"Castle",2024,"5",2024-11-12,"Annual",12,0,0,0,100
"Castle",2024,"6",2024-03-11,"PBL",14,0,0,0,100
"Castle",2024,"6",2024-11-12,"Annual",16,6.25,0,6.25,93.75
"Castle",2025,"1",2025-04-11,"PBL",14,0,0,0,100
"Castle",2025,"2",2025-04-11,"PBL",12,0,0,0,100
"Castle",2025,"3",2025-04-11,"PBL",7,0,0,0,100
"Castle",2025,"4",2025-04-11,"PBL",6,0,0,0,100
"Castle",2025,"5",2025-04-11,"PBL",6,0,0,0,100
"Castle",2025,"6",2025-04-11,"PBL",13,0,0,0,100
"Coculus Rock",2022,"1",2022-10-04,"Annual",22,0,0,0,100
"Coculus Rock",2022,"2",2022-10-04,"Annual",26,0,0,0,100
"Coculus Rock",2022,"3",2022-10-04,"Annual",13,0,0,0,100
"Coculus Rock",2022,"4",2022-10-04,"Annual",14,0,0,0,100
"Coculus Rock",2022,"5",2022-10-04,"Annual",6,0,0,0,100
"Coculus Rock",2022,"6",2022-10-04,"Annual",16,0,0,0,100
"Coculus Rock",2023,"1",2023-10-13,"Annual",78,41.025641025641,10.2564102564103,51.2820512820513,48.7179487179487
"Coculus Rock",2023,"2",2023-10-13,"Annual",26,15.3846153846154,0,15.3846153846154,84.6153846153846
"Coculus Rock",2023,"3",2023-10-13,"Annual",87,1.14942528735632,0,1.14942528735632,98.8505747126437
"Coculus Rock",2023,"4",2023-10-13,"Annual",87,43.6781609195402,0,43.6781609195402,56.3218390804598
"Coculus Rock",2023,"5",2023-10-13,"Annual",16,6.25,0,6.25,93.75
"Coculus Rock",2023,"6",2023-10-13,"Annual",21,0,4.76190476190476,4.76190476190476,95.2380952380952
"Coculus Rock",2024,"1",2024-04-02,"PBL",238,0,0,0,100
"Coculus Rock",2024,"1",2024-10-18,"Annual",218,7.3394495412844,0.91743119266055,8.25688073394496,91.743119266055
"Coculus Rock",2024,"2",2024-04-02,"PBL",18,0,0,0,100
"Coculus Rock",2024,"2",2024-10-18,"Annual",26,0,0,0,100
"Coculus Rock",2024,"3",2024-04-02,"PBL",142,0.704225352112676,0,0.704225352112676,99.2957746478873
"Coculus Rock",2024,"3",2024-10-18,"Annual",176,2.84090909090909,0,2.84090909090909,97.1590909090909
"Coculus Rock",2024,"4",2024-04-02,"PBL",24,0,0,0,100
"Coculus Rock",2024,"4",2024-10-18,"Annual",21,4.76190476190476,0,4.76190476190476,95.2380952380952
"Coculus Rock",2024,"5",2024-04-02,"PBL",12,0,0,0,100
"Coculus Rock",2024,"5",2024-10-18,"Annual",14,0,0,0,100
"Coculus Rock",2024,"6",2024-04-02,"PBL",26,0,0,0,100
"Coculus Rock",2024,"6",2024-10-18,"Annual",22,4.54545454545455,0,4.54545454545455,95.4545454545455
"Coculus Rock",2025,"1",2025-05-08,"PBL",119,3.36134453781513,5.04201680672269,8.40336134453782,91.5966386554622
"Coculus Rock",2025,"2",2025-05-08,"PBL",48,0,0,0,100
"Coculus Rock",2025,"3",2025-05-08,"PBL",115,0.869565217391304,0,0.869565217391304,99.1304347826087
"Coculus Rock",2025,"4",2025-05-08,"PBL",17,5.88235294117647,0,5.88235294117647,94.1176470588235
"Coculus Rock",2025,"5",2025-05-08,"PBL",7,0,0,0,100
"Coculus Rock",2025,"6",2025-05-08,"PBL",19,0,0,0,100
"College Shoal East",2022,"1",2022-11-18,"Annual",17,0,0,0,100
"College Shoal East",2022,"2",2022-11-18,"Annual",14,0,0,0,100
"College Shoal East",2022,"3",2022-11-18,"Annual",11,0,0,0,100
"College Shoal East",2022,"4",2022-11-18,"Annual",7,0,0,0,100
"College Shoal East",2022,"5",2022-11-18,"Annual",13,0,0,0,100
"College Shoal East",2022,"6",2022-11-18,"Annual",17,0,0,0,100
"College Shoal East",2023,"1",2023-12-06,"Annual",18,0,0,0,100
"College Shoal East",2023,"2",2023-12-06,"Annual",12,0,0,0,100
"College Shoal East",2023,"3",2023-12-06,"Annual",13,15.3846153846154,0,15.3846153846154,84.6153846153846
"College Shoal East",2023,"4",2023-12-06,"Annual",18,0,0,0,100
"College Shoal East",2023,"5",2023-12-06,"Annual",13,0,0,0,100
"College Shoal East",2023,"6",2023-12-06,"Annual",17,0,0,0,100
"College Shoal East",2024,"1",2024-05-14,"PBL",11,0,0,0,100
"College Shoal East",2024,"1",2024-11-21,"Annual",13,0,0,0,100
"College Shoal East",2024,"2",2024-05-14,"PBL",4,0,0,0,100
"College Shoal East",2024,"2",2024-11-21,"Annual",10,0,0,0,100
"College Shoal East",2024,"3",2024-05-14,"PBL",10,0,0,0,100
"College Shoal East",2024,"3",2024-11-21,"Annual",17,0,0,0,100
"College Shoal East",2024,"4",2024-05-14,"PBL",14,0,0,0,100
"College Shoal East",2024,"4",2024-11-21,"Annual",13,0,0,0,100
"College Shoal East",2024,"5",2024-05-14,"PBL",10,0,0,0,100
"College Shoal East",2024,"5",2024-11-21,"Annual",13,0,0,0,100
"College Shoal East",2024,"6",2024-05-14,"PBL",17,0,0,0,100
"College Shoal East",2024,"6",2024-11-21,"Annual",22,0,0,0,100
"College Shoal East",2025,"1",2025-04-08,"PBL",22,0,4.54545454545455,4.54545454545455,95.4545454545455
"College Shoal East",2025,"2",2025-04-08,"PBL",8,0,0,0,100
"College Shoal East",2025,"3",2025-04-08,"PBL",11,0,0,0,100
"College Shoal East",2025,"4",2025-04-08,"PBL",8,0,0,0,100
"College Shoal East",2025,"5",2025-04-08,"PBL",9,0,0,0,100
"College Shoal East",2025,"6",2025-04-08,"PBL",9,0,0,0,100
"Coral Bay",2022,"1",2022-09-08,"Annual",27,0,0,0,100
"Coral Bay",2022,"2",2022-09-08,"Annual",30,0,0,0,100
"Coral Bay",2022,"3",2022-09-08,"Annual",24,0,0,0,100
"Coral Bay",2022,"4",2022-09-08,"Annual",14,0,0,0,100
"Coral Bay",2022,"5",2022-09-08,"Annual",28,0,0,0,100
"Coral Bay",2022,"6",2022-09-08,"Annual",18,0,0,0,100
"Coral Bay",2023,"1",2023-10-13,"Annual",28,0,0,0,100
"Coral Bay",2023,"2",2023-10-13,"Annual",22,0,0,0,100
"Coral Bay",2023,"3",2023-10-13,"Annual",25,0,0,0,100
"Coral Bay",2023,"4",2023-10-13,"Annual",14,7.14285714285714,0,7.14285714285714,92.8571428571429
"Coral Bay",2023,"5",2023-10-13,"Annual",31,3.2258064516129,0,3.2258064516129,96.7741935483871
"Coral Bay",2023,"6",2023-10-13,"Annual",17,11.7647058823529,5.88235294117647,11.7647058823529,88.2352941176471
"Coral Bay",2024,"1",2024-02-16,"PBL",27,0,0,0,100
"Coral Bay",2024,"1",2024-10-24,"Annual",14,0,0,0,100
"Coral Bay",2024,"2",2024-02-16,"PBL",21,0,0,0,100
"Coral Bay",2024,"2",2024-10-24,"Annual",11,0,0,0,100
"Coral Bay",2024,"3",2024-02-16,"PBL",21,0,0,0,100
"Coral Bay",2024,"3",2024-10-24,"Annual",29,0,0,0,100
"Coral Bay",2024,"4",2024-02-16,"PBL",13,0,0,0,100
"Coral Bay",2024,"4",2024-10-24,"Annual",18,5.55555555555556,0,5.55555555555556,94.4444444444444
"Coral Bay",2024,"5",2024-02-16,"PBL",27,0,0,0,100
"Coral Bay",2024,"5",2024-10-24,"Annual",30,6.66666666666667,0,6.66666666666667,93.3333333333333
"Coral Bay",2024,"6",2024-02-16,"PBL",18,0,0,0,100
"Coral Bay",2024,"6",2024-10-24,"Annual",15,6.66666666666667,0,6.66666666666667,93.3333333333333
"Coral Bay",2025,"1",2025-05-08,"PBL",23,0,0,0,100
"Coral Bay",2025,"2",2025-05-08,"PBL",22,0,0,0,100
"Coral Bay",2025,"3",2025-05-08,"PBL",45,2.22222222222222,0,2.22222222222222,97.7777777777778
"Coral Bay",2025,"4",2025-05-08,"PBL",31,0,0,0,100
"Coral Bay",2025,"5",2025-05-08,"PBL",17,0,0,0,100
"Coral Bay",2025,"6",2025-05-08,"PBL",22,0,0,0,100
"Eagle Ray",2022,"1",2022-10-20,"Annual",7,0,0,0,100
"Eagle Ray",2022,"2",2022-10-20,"Annual",13,0,0,0,100
"Eagle Ray",2022,"3",2022-10-20,"Annual",6,0,0,0,100
"Eagle Ray",2022,"4",2022-10-20,"Annual",8,0,0,0,100
"Eagle Ray",2022,"5",2022-10-20,"Annual",16,0,0,0,100
"Eagle Ray",2022,"6",2022-10-20,"Annual",12,0,0,0,100
"Eagle Ray",2023,"1",2023-11-11,"Annual",9,11.1111111111111,0,11.1111111111111,88.8888888888889
"Eagle Ray",2023,"2",2023-11-11,"Annual",14,7.14285714285714,0,7.14285714285714,92.8571428571429
"Eagle Ray",2023,"3",2023-11-11,"Annual",6,0,0,0,100
"Eagle Ray",2023,"4",2023-11-11,"Annual",10,0,0,0,100
"Eagle Ray",2023,"5",2023-11-11,"Annual",13,0,0,0,100
"Eagle Ray",2023,"6",2023-11-11,"Annual",10,0,0,0,100
"Eagle Ray",2024,"1",2024-03-13,"PBL",11,0,0,0,100
"Eagle Ray",2024,"1",2024-11-14,"Annual",8,0,0,0,100
"Eagle Ray",2024,"2",2024-03-13,"PBL",14,0,0,0,100
"Eagle Ray",2024,"2",2024-11-14,"Annual",3,0,0,0,100
"Eagle Ray",2024,"3",2024-03-13,"PBL",5,0,0,0,100
"Eagle Ray",2024,"3",2024-11-14,"Annual",9,11.1111111111111,0,11.1111111111111,88.8888888888889
"Eagle Ray",2024,"4",2024-03-13,"PBL",10,0,0,0,100
"Eagle Ray",2024,"4",2024-11-14,"Annual",17,0,0,0,100
"Eagle Ray",2024,"5",2024-03-13,"PBL",12,8.33333333333333,0,8.33333333333333,91.6666666666667
"Eagle Ray",2024,"5",2024-11-14,"Annual",16,6.25,0,6.25,93.75
"Eagle Ray",2024,"6",2024-03-13,"PBL",7,0,0,0,100
"Eagle Ray",2024,"6",2024-11-14,"Annual",11,0,0,0,100
"Eagle Ray",2025,"1",2025-04-12,"PBL",11,0,0,0,100
"Eagle Ray",2025,"2",2025-04-12,"PBL",18,0,0,0,100
"Eagle Ray",2025,"3",2025-04-12,"PBL",13,0,0,0,100
"Eagle Ray",2025,"4",2025-04-12,"PBL",8,0,0,0,100
"Eagle Ray",2025,"5",2025-04-12,"PBL",11,0,0,0,100
"Eagle Ray",2025,"6",2025-04-12,"PBL",11,0,0,0,100
"Fish Bay",2022,"1",2022-09-08,"Annual",3,0,0,0,100
"Fish Bay",2022,"2",2022-09-08,"Annual",8,0,0,0,100
"Fish Bay",2022,"3",2022-09-08,"Annual",6,0,0,0,100
"Fish Bay",2022,"4",2022-09-08,"Annual",13,0,0,0,100
"Fish Bay",2022,"5",2022-09-08,"Annual",3,0,0,0,100
"Fish Bay",2022,"6",2022-09-08,"Annual",8,0,0,0,100
"Fish Bay",2023,"1",2023-10-13,"Annual",9,66.6666666666667,0,66.6666666666667,33.3333333333333
"Fish Bay",2023,"2",2023-10-13,"Annual",13,0,0,0,100
"Fish Bay",2023,"3",2023-10-13,"Annual",9,11.1111111111111,0,11.1111111111111,88.8888888888889
"Fish Bay",2023,"4",2023-10-13,"Annual",15,6.66666666666667,0,6.66666666666667,93.3333333333333
"Fish Bay",2023,"5",2023-10-13,"Annual",8,0,0,0,100
"Fish Bay",2023,"6",2023-10-13,"Annual",14,0,0,0,100
"Fish Bay",2024,"1",2024-02-16,"PBL",4,0,0,0,100
"Fish Bay",2024,"1",2024-10-24,"Annual",10,20,0,20,80
"Fish Bay",2024,"2",2024-02-16,"PBL",9,0,0,0,100
"Fish Bay",2024,"2",2024-10-24,"Annual",9,0,0,0,100
"Fish Bay",2024,"3",2024-02-16,"PBL",9,0,0,0,100
"Fish Bay",2024,"3",2024-10-24,"Annual",7,0,0,0,100
"Fish Bay",2024,"4",2024-02-16,"PBL",13,0,0,0,100
"Fish Bay",2024,"4",2024-10-24,"Annual",8,0,0,0,100
"Fish Bay",2024,"5",2024-02-16,"PBL",18,0,0,0,100
"Fish Bay",2024,"5",2024-10-24,"Annual",8,0,0,0,100
"Fish Bay",2024,"6",2024-02-16,"PBL",8,12.5,0,12.5,87.5
"Fish Bay",2024,"6",2024-10-24,"Annual",14,21.4285714285714,0,21.4285714285714,78.5714285714286
"Fish Bay",2025,"1",2025-05-08,"PBL",5,0,0,0,100
"Fish Bay",2025,"2",2025-05-08,"PBL",10,0,0,0,100
"Fish Bay",2025,"3",2025-05-08,"PBL",9,0,0,0,100
"Fish Bay",2025,"4",2025-05-08,"PBL",6,0,0,0,100
"Fish Bay",2025,"5",2025-05-08,"PBL",4,0,0,0,100
"Fish Bay",2025,"6",2025-05-08,"PBL",9,0,0,0,100
"Flat Cay",2022,"1",2022-10-10,"Annual",19,0,0,0,100
"Flat Cay",2022,"2",2022-10-10,"Annual",16,0,0,0,100
"Flat Cay",2022,"3",2022-10-10,"Annual",20,0,0,0,100
"Flat Cay",2022,"4",2022-10-10,"Annual",79,0,0,0,100
"Flat Cay",2022,"5",2022-10-10,"Annual",142,0.704225352112676,0,0.704225352112676,99.2957746478873
"Flat Cay",2022,"6",2022-10-10,"Annual",132,0.757575757575758,0,0.757575757575758,99.2424242424242
"Flat Cay",2023,"1",2023-10-17,"Annual",16,6.25,0,6.25,93.75
"Flat Cay",2023,"2",2023-10-17,"Annual",25,0,0,0,100
"Flat Cay",2023,"3",2023-10-17,"Annual",45,44.4444444444444,2.22222222222222,44.4444444444444,55.5555555555556
"Flat Cay",2023,"4",2023-10-17,"Annual",88,19.3181818181818,10.2272727272727,27.2727272727273,72.7272727272727
"Flat Cay",2023,"5",2023-10-17,"Annual",101,25.7425742574257,0,25.7425742574257,74.2574257425743
"Flat Cay",2023,"6",2023-10-17,"Annual",113,0,0.884955752212389,0.884955752212389,99.1150442477876
"Flat Cay",2024,"1",2024-02-15,"PBL",14,7.14285714285714,0,7.14285714285714,92.8571428571429
"Flat Cay",2024,"1",2024-10-22,"Annual",20,0,0,0,100
"Flat Cay",2024,"2",2024-02-15,"PBL",13,0,0,0,100
"Flat Cay",2024,"2",2024-10-22,"Annual",18,0,0,0,100
"Flat Cay",2024,"3",2024-02-15,"PBL",17,0,0,0,100
"Flat Cay",2024,"3",2024-10-22,"Annual",14,0,0,0,100
"Flat Cay",2024,"4",2024-02-15,"PBL",108,0.925925925925926,0,0.925925925925926,99.0740740740741
"Flat Cay",2024,"4",2024-10-22,"Annual",107,7.47663551401869,1.86915887850467,9.34579439252336,90.6542056074766
"Flat Cay",2024,"5",2024-02-15,"PBL",78,1.28205128205128,0,1.28205128205128,98.7179487179487
"Flat Cay",2024,"5",2024-10-22,"Annual",96,37.5,1.04166666666667,38.5416666666667,61.4583333333333
"Flat Cay",2024,"6",2024-02-15,"PBL",91,0,0,0,100
"Flat Cay",2024,"6",2024-10-22,"Annual",94,40.4255319148936,8.51063829787234,46.8085106382979,53.1914893617021
"Flat Cay",2025,"1",2025-03-27,"PBL",12,8.33333333333333,0,8.33333333333333,91.6666666666667
"Flat Cay",2025,"2",2025-03-27,"PBL",19,0,0,0,100
"Flat Cay",2025,"3",2025-03-27,"PBL",11,0,0,0,100
"Flat Cay",2025,"4",2025-03-27,"PBL",114,0.87719298245614,0,0.87719298245614,99.1228070175439
"Flat Cay",2025,"5",2025-03-27,"PBL",75,0,0,0,100
"Flat Cay",2025,"6",2025-03-27,"PBL",97,0,1.03092783505155,1.03092783505155,98.9690721649485
"Grammanik Tiger FSA",2022,"1",2022-12-07,"Annual",8,0,0,0,100
"Grammanik Tiger FSA",2022,"2",2022-12-07,"Annual",8,0,0,0,100
"Grammanik Tiger FSA",2022,"3",2022-12-07,"Annual",12,0,0,0,100
"Grammanik Tiger FSA",2022,"4",2022-12-07,"Annual",11,0,0,0,100
"Grammanik Tiger FSA",2022,"5",2022-12-07,"Annual",13,0,0,0,100
"Grammanik Tiger FSA",2022,"6",2022-12-07,"Annual",24,0,0,0,100
"Grammanik Tiger FSA",2023,"1",2023-12-05,"Annual",10,10,0,10,90
"Grammanik Tiger FSA",2023,"2",2023-12-05,"Annual",19,5.26315789473684,0,5.26315789473684,94.7368421052632
"Grammanik Tiger FSA",2023,"3",2023-12-05,"Annual",12,0,0,0,100
"Grammanik Tiger FSA",2023,"4",2023-12-05,"Annual",11,0,0,0,100
"Grammanik Tiger FSA",2023,"5",2023-12-05,"Annual",11,27.2727272727273,0,27.2727272727273,72.7272727272727
"Grammanik Tiger FSA",2023,"6",2023-12-05,"Annual",20,0,0,0,100
"Grammanik Tiger FSA",2024,"1",2024-04-08,"PBL",8,0,0,0,100
"Grammanik Tiger FSA",2024,"1",2024-11-22,"Annual",9,0,0,0,100
"Grammanik Tiger FSA",2024,"2",2024-04-08,"PBL",10,0,0,0,100
"Grammanik Tiger FSA",2024,"2",2024-11-22,"Annual",14,0,0,0,100
"Grammanik Tiger FSA",2024,"3",2024-04-08,"PBL",8,0,12.5,12.5,87.5
"Grammanik Tiger FSA",2024,"3",2024-11-22,"Annual",12,0,0,0,100
"Grammanik Tiger FSA",2024,"4",2024-04-08,"PBL",9,0,0,0,100
"Grammanik Tiger FSA",2024,"4",2024-11-22,"Annual",11,0,0,0,100
"Grammanik Tiger FSA",2024,"5",2024-04-08,"PBL",10,0,0,0,100
"Grammanik Tiger FSA",2024,"5",2024-11-22,"Annual",13,0,0,0,100
"Grammanik Tiger FSA",2024,"6",2024-04-08,"PBL",20,0,0,0,100
"Grammanik Tiger FSA",2024,"6",2024-11-22,"Annual",15,0,0,0,100
"Grammanik Tiger FSA",2025,"1",2025-04-08,"PBL",12,0,0,0,100
"Grammanik Tiger FSA",2025,"2",2025-04-08,"PBL",8,0,0,0,100
"Grammanik Tiger FSA",2025,"3",2025-04-08,"PBL",18,0,0,0,100
"Grammanik Tiger FSA",2025,"4",2025-04-08,"PBL",7,0,0,0,100
"Grammanik Tiger FSA",2025,"5",2025-04-08,"PBL",8,0,0,0,100
"Grammanik Tiger FSA",2025,"6",2025-04-08,"PBL",15,0,0,0,100
"Great Pond",2022,"1",2022-10-21,"Annual",16,6.25,0,6.25,93.75
"Great Pond",2022,"2",2022-10-21,"Annual",8,0,0,0,100
"Great Pond",2022,"3",2022-10-21,"Annual",14,0,0,0,100
"Great Pond",2022,"4",2022-10-21,"Annual",8,0,0,0,100
"Great Pond",2022,"5",2022-10-21,"Annual",4,0,0,0,100
"Great Pond",2022,"6",2022-10-21,"Annual",6,0,0,0,100
"Great Pond",2023,"1",2023-11-14,"Annual",25,0,0,0,100
"Great Pond",2023,"2",2023-11-14,"Annual",8,0,0,0,100
"Great Pond",2023,"3",2023-11-14,"Annual",19,0,0,0,100
"Great Pond",2023,"4",2023-11-14,"Annual",9,0,0,0,100
"Great Pond",2023,"5",2023-11-14,"Annual",7,14.2857142857143,14.2857142857143,28.5714285714286,71.4285714285714
"Great Pond",2023,"6",2023-11-14,"Annual",6,0,0,0,100
"Great Pond",2024,"1",2024-03-12,"PBL",13,0,0,0,100
"Great Pond",2024,"1",2024-11-13,"Annual",14,35.7142857142857,0,35.7142857142857,64.2857142857143
"Great Pond",2024,"2",2024-03-12,"PBL",4,0,0,0,100
"Great Pond",2024,"2",2024-11-13,"Annual",8,12.5,12.5,25,75
"Great Pond",2024,"3",2024-03-12,"PBL",22,0,0,0,100
"Great Pond",2024,"3",2024-11-13,"Annual",11,81.8181818181818,0,81.8181818181818,18.1818181818182
"Great Pond",2024,"4",2024-03-12,"PBL",3,0,0,0,100
"Great Pond",2024,"4",2024-11-13,"Annual",6,100,0,100,0
"Great Pond",2024,"5",2024-03-12,"PBL",3,0,0,0,100
"Great Pond",2024,"5",2024-11-13,"Annual",9,0,0,0,100
"Great Pond",2024,"6",2024-03-12,"PBL",6,0,0,0,100
"Great Pond",2024,"6",2024-11-13,"Annual",8,25,0,25,75
"Great Pond",2025,"1",2025-04-13,"PBL",11,0,0,0,100
"Great Pond",2025,"2",2025-04-13,"PBL",3,0,0,0,100
"Great Pond",2025,"3",2025-04-13,"PBL",9,0,0,0,100
"Great Pond",2025,"4",2025-04-13,"PBL",3,0,0,0,100
"Great Pond",2025,"5",2025-04-13,"PBL",4,0,0,0,100
"Great Pond",2025,"6",2025-04-13,"PBL",3,0,0,0,100
"Hind Bank East FSA",2022,"1",2022-11-08,"Annual",10,0,0,0,100
"Hind Bank East FSA",2022,"2",2022-11-08,"Annual",4,0,0,0,100
"Hind Bank East FSA",2022,"3",2022-11-08,"Annual",14,0,0,0,100
"Hind Bank East FSA",2022,"4",2022-11-08,"Annual",8,0,0,0,100
"Hind Bank East FSA",2022,"5",2022-11-08,"Annual",12,0,0,0,100
"Hind Bank East FSA",2022,"6",2022-11-08,"Annual",13,0,0,0,100
"Hind Bank East FSA",2023,"1",2023-12-06,"Annual",17,0,0,0,100
"Hind Bank East FSA",2023,"2",2023-12-06,"Annual",11,0,0,0,100
"Hind Bank East FSA",2023,"3",2023-12-06,"Annual",14,0,0,0,100
"Hind Bank East FSA",2023,"4",2023-12-06,"Annual",7,0,0,0,100
"Hind Bank East FSA",2023,"5",2023-12-06,"Annual",10,10,0,10,90
"Hind Bank East FSA",2023,"6",2023-12-06,"Annual",12,0,0,0,100
"Hind Bank East FSA",2024,"1",2024-05-14,"PBL",12,0,0,0,100
"Hind Bank East FSA",2024,"1",2024-11-21,"Annual",17,0,0,0,100
"Hind Bank East FSA",2024,"2",2024-05-14,"PBL",9,0,0,0,100
"Hind Bank East FSA",2024,"2",2024-11-21,"Annual",13,0,0,0,100
"Hind Bank East FSA",2024,"3",2024-05-14,"PBL",11,0,0,0,100
"Hind Bank East FSA",2024,"3",2024-11-21,"Annual",14,0,0,0,100
"Hind Bank East FSA",2024,"4",2024-05-14,"PBL",10,0,0,0,100
"Hind Bank East FSA",2024,"4",2024-11-21,"Annual",14,0,0,0,100
"Hind Bank East FSA",2024,"5",2024-05-14,"PBL",8,0,0,0,100
"Hind Bank East FSA",2024,"5",2024-11-21,"Annual",20,0,0,0,100
"Hind Bank East FSA",2024,"6",2024-11-21,"Annual",18,0,0,0,100
"Hind Bank East FSA",2025,"1",2025-03-28,"PBL",17,0,0,0,100
"Hind Bank East FSA",2025,"2",2025-03-28,"PBL",9,0,0,0,100
"Hind Bank East FSA",2025,"3",2025-03-28,"PBL",7,0,0,0,100
"Hind Bank East FSA",2025,"4",2025-03-28,"PBL",10,0,0,0,100
"Hind Bank East FSA",2025,"5",2025-03-28,"PBL",6,0,0,0,100
"Hind Bank East FSA",2025,"6",2025-03-28,"PBL",15,0,0,0,100
"Jacks Bay",2022,"1",2022-11-17,"Annual",15,0,0,0,100
"Jacks Bay",2022,"2",2022-11-17,"Annual",14,0,0,0,100
"Jacks Bay",2022,"3",2022-11-17,"Annual",15,0,0,0,100
"Jacks Bay",2022,"4",2022-11-17,"Annual",17,0,0,0,100
"Jacks Bay",2022,"5",2022-11-17,"Annual",16,0,0,0,100
"Jacks Bay",2022,"6",2022-11-17,"Annual",16,6.25,0,6.25,93.75
"Jacks Bay",2023,"1",2023-11-14,"Annual",16,0,0,0,100
"Jacks Bay",2023,"2",2023-11-14,"Annual",31,0,0,0,100
"Jacks Bay",2023,"3",2023-11-14,"Annual",28,0,0,0,100
"Jacks Bay",2023,"4",2023-11-14,"Annual",27,3.7037037037037,0,3.7037037037037,96.2962962962963
"Jacks Bay",2023,"5",2023-11-14,"Annual",17,0,5.88235294117647,5.88235294117647,94.1176470588235
"Jacks Bay",2023,"6",2023-11-14,"Annual",27,7.40740740740741,0,7.40740740740741,92.5925925925926
"Jacks Bay",2024,"1",2024-03-14,"PBL",9,0,0,0,100
"Jacks Bay",2024,"1",2024-11-13,"Annual",16,0,0,0,100
"Jacks Bay",2024,"2",2024-03-14,"PBL",11,0,0,0,100
"Jacks Bay",2024,"2",2024-11-13,"Annual",16,0,0,0,100
"Jacks Bay",2024,"3",2024-03-14,"PBL",10,0,0,0,100
"Jacks Bay",2024,"3",2024-11-13,"Annual",9,0,0,0,100
"Jacks Bay",2024,"4",2024-03-14,"PBL",12,0,0,0,100
"Jacks Bay",2024,"4",2024-11-13,"Annual",24,0,0,0,100
"Jacks Bay",2024,"5",2024-03-14,"PBL",12,0,0,0,100
"Jacks Bay",2024,"5",2024-11-13,"Annual",20,5,0,5,95
"Jacks Bay",2024,"6",2024-03-14,"PBL",17,0,0,0,100
"Jacks Bay",2024,"6",2024-11-13,"Annual",24,8.33333333333333,0,8.33333333333333,91.6666666666667
"Jacks Bay",2025,"1",2025-04-15,"PBL",33,0,3.03030303030303,3.03030303030303,96.969696969697
"Jacks Bay",2025,"2",2025-04-15,"PBL",49,0,0,0,100
"Jacks Bay",2025,"3",2025-04-15,"PBL",10,0,0,0,100
"Jacks Bay",2025,"4",2025-04-15,"PBL",16,0,6.25,6.25,93.75
"Jacks Bay",2025,"5",2025-04-15,"PBL",17,0,0,0,100
"Jacks Bay",2025,"6",2025-04-15,"PBL",14,0,0,0,100
"Kings Corner",2022,"1",2022-10-22,"Annual",10,0,0,0,100
"Kings Corner",2022,"2",2022-10-22,"Annual",8,0,0,0,100
"Kings Corner",2022,"3",2022-10-22,"Annual",14,0,0,0,100
"Kings Corner",2022,"4",2022-10-22,"Annual",10,10,0,10,90
"Kings Corner",2022,"5",2022-10-22,"Annual",5,0,0,0,100
"Kings Corner",2022,"6",2022-10-22,"Annual",17,0,0,0,100
"Kings Corner",2023,"1",2023-11-15,"Annual",11,0,0,0,100
"Kings Corner",2023,"2",2023-11-15,"Annual",9,0,0,0,100
"Kings Corner",2023,"3",2023-11-15,"Annual",11,0,0,0,100
"Kings Corner",2023,"4",2023-11-15,"Annual",25,0,0,0,100
"Kings Corner",2023,"5",2023-11-15,"Annual",8,12.5,0,12.5,87.5
"Kings Corner",2023,"6",2023-11-15,"Annual",19,0,0,0,100
"Kings Corner",2024,"1",2024-03-15,"PBL",11,0,0,0,100
"Kings Corner",2024,"1",2024-11-15,"Annual",8,0,0,0,100
"Kings Corner",2024,"2",2024-03-15,"PBL",11,0,0,0,100
"Kings Corner",2024,"2",2024-11-15,"Annual",15,0,0,0,100
"Kings Corner",2024,"3",2024-03-15,"PBL",10,0,0,0,100
"Kings Corner",2024,"3",2024-11-15,"Annual",21,0,0,0,100
"Kings Corner",2024,"4",2024-03-15,"PBL",12,0,0,0,100
"Kings Corner",2024,"4",2024-11-15,"Annual",11,18.1818181818182,0,18.1818181818182,81.8181818181818
"Kings Corner",2024,"5",2024-03-15,"PBL",5,0,0,0,100
"Kings Corner",2024,"5",2024-11-15,"Annual",7,42.8571428571429,0,42.8571428571429,57.1428571428571
"Kings Corner",2024,"6",2024-03-15,"PBL",12,0,0,0,100
"Kings Corner",2024,"6",2024-11-15,"Annual",19,0,0,0,100
"Kings Corner",2025,"1",2025-04-14,"PBL",16,0,0,0,100
"Kings Corner",2025,"2",2025-04-14,"PBL",20,0,0,0,100
"Kings Corner",2025,"3",2025-04-14,"PBL",29,0,0,0,100
"Kings Corner",2025,"4",2025-04-14,"PBL",24,0,0,0,100
"Kings Corner",2025,"5",2025-04-14,"PBL",5,0,0,0,100
"Kings Corner",2025,"6",2025-04-14,"PBL",11,0,0,0,100
"Lang Bank EEMP",2022,"1",2022-10-21,"Annual",12,0,0,0,100
"Lang Bank EEMP",2022,"2",2022-10-21,"Annual",15,0,0,0,100
"Lang Bank EEMP",2022,"3",2022-10-21,"Annual",10,0,0,0,100
"Lang Bank EEMP",2022,"4",2022-10-21,"Annual",15,0,0,0,100
"Lang Bank EEMP",2022,"5",2022-10-21,"Annual",13,0,0,0,100
"Lang Bank EEMP",2022,"6",2022-10-21,"Annual",18,0,0,0,100
"Lang Bank EEMP",2023,"1",2023-11-14,"Annual",7,14.2857142857143,0,14.2857142857143,85.7142857142857
"Lang Bank EEMP",2023,"2",2023-11-14,"Annual",10,0,0,0,100
"Lang Bank EEMP",2023,"3",2023-11-14,"Annual",15,6.66666666666667,0,6.66666666666667,93.3333333333333
"Lang Bank EEMP",2023,"4",2023-11-14,"Annual",12,0,0,0,100
"Lang Bank EEMP",2023,"5",2023-11-14,"Annual",16,12.5,0,12.5,87.5
"Lang Bank EEMP",2023,"6",2023-11-14,"Annual",16,6.25,0,6.25,93.75
"Lang Bank EEMP",2024,"1",2024-03-16,"PBL",14,0,0,0,100
"Lang Bank EEMP",2024,"1",2024-11-13,"Annual",15,0,0,0,100
"Lang Bank EEMP",2024,"2",2024-03-16,"PBL",9,0,0,0,100
"Lang Bank EEMP",2024,"2",2024-11-13,"Annual",15,6.66666666666667,0,6.66666666666667,93.3333333333333
"Lang Bank EEMP",2024,"3",2024-03-16,"PBL",16,0,6.25,6.25,93.75
"Lang Bank EEMP",2024,"3",2024-11-13,"Annual",14,0,0,0,100
"Lang Bank EEMP",2024,"4",2024-03-16,"PBL",8,0,0,0,100
"Lang Bank EEMP",2024,"4",2024-11-13,"Annual",17,0,0,0,100
"Lang Bank EEMP",2024,"5",2024-03-16,"PBL",11,0,0,0,100
"Lang Bank EEMP",2024,"5",2024-11-13,"Annual",16,0,0,0,100
"Lang Bank EEMP",2024,"6",2024-03-16,"PBL",17,5.88235294117647,0,5.88235294117647,94.1176470588235
"Lang Bank EEMP",2024,"6",2024-11-13,"Annual",19,5.26315789473684,0,5.26315789473684,94.7368421052632
"Lang Bank EEMP",2025,"1",2025-04-15,"PBL",14,0,0,0,100
"Lang Bank EEMP",2025,"2",2025-04-15,"PBL",8,12.5,12.5,12.5,87.5
"Lang Bank EEMP",2025,"3",2025-04-15,"PBL",16,0,0,0,100
"Lang Bank EEMP",2025,"4",2025-04-15,"PBL",17,0,0,0,100
"Lang Bank EEMP",2025,"5",2025-04-15,"PBL",14,0,0,0,100
"Lang Bank EEMP",2025,"6",2025-04-15,"PBL",9,0,0,0,100
"Lang Bank Red Hind FSA",2022,"1",2022-11-17,"Annual",5,0,0,0,100
"Lang Bank Red Hind FSA",2022,"2",2022-11-17,"Annual",5,0,0,0,100
"Lang Bank Red Hind FSA",2022,"3",2022-11-17,"Annual",12,0,0,0,100
"Lang Bank Red Hind FSA",2022,"4",2022-11-17,"Annual",16,0,0,0,100
"Lang Bank Red Hind FSA",2022,"5",2022-11-17,"Annual",17,11.7647058823529,0,11.7647058823529,88.2352941176471
"Lang Bank Red Hind FSA",2022,"6",2022-11-17,"Annual",13,0,0,0,100
"Lang Bank Red Hind FSA",2023,"1",2023-11-13,"Annual",6,0,0,0,100
"Lang Bank Red Hind FSA",2023,"2",2023-11-13,"Annual",10,0,0,0,100
"Lang Bank Red Hind FSA",2023,"3",2023-11-13,"Annual",8,0,0,0,100
"Lang Bank Red Hind FSA",2023,"4",2023-11-13,"Annual",13,0,0,0,100
"Lang Bank Red Hind FSA",2023,"5",2023-11-13,"Annual",12,0,0,0,100
"Lang Bank Red Hind FSA",2023,"6",2023-11-13,"Annual",14,7.14285714285714,0,7.14285714285714,92.8571428571429
"Lang Bank Red Hind FSA",2024,"1",2024-03-12,"PBL",6,0,0,0,100
"Lang Bank Red Hind FSA",2024,"1",2024-11-16,"Annual",13,0,0,0,100
"Lang Bank Red Hind FSA",2024,"2",2024-03-12,"PBL",8,0,0,0,100
"Lang Bank Red Hind FSA",2024,"2",2024-11-16,"Annual",10,0,0,0,100
"Lang Bank Red Hind FSA",2024,"3",2024-03-12,"PBL",8,0,0,0,100
"Lang Bank Red Hind FSA",2024,"3",2024-11-16,"Annual",11,0,0,0,100
"Lang Bank Red Hind FSA",2024,"4",2024-03-12,"PBL",15,0,0,0,100
"Lang Bank Red Hind FSA",2024,"4",2024-11-16,"Annual",15,0,0,0,100
"Lang Bank Red Hind FSA",2024,"5",2024-03-12,"PBL",12,0,0,0,100
"Lang Bank Red Hind FSA",2024,"5",2024-11-16,"Annual",17,0,0,0,100
"Lang Bank Red Hind FSA",2024,"6",2024-03-12,"PBL",14,7.14285714285714,0,7.14285714285714,92.8571428571429
"Lang Bank Red Hind FSA",2024,"6",2024-11-16,"Annual",20,0,0,0,100
"Lang Bank Red Hind FSA",2025,"1",2025-04-13,"PBL",10,0,0,0,100
"Lang Bank Red Hind FSA",2025,"2",2025-04-13,"PBL",6,0,0,0,100
"Lang Bank Red Hind FSA",2025,"3",2025-04-13,"PBL",11,0,0,0,100
"Lang Bank Red Hind FSA",2025,"4",2025-04-13,"PBL",16,0,0,0,100
"Lang Bank Red Hind FSA",2025,"5",2025-04-13,"PBL",13,0,0,0,100
"Lang Bank Red Hind FSA",2025,"6",2025-04-13,"PBL",19,0,0,0,100
"Magens Bay",2022,"1",2022-10-03,"Annual",4,0,0,0,100
"Magens Bay",2022,"2",2022-10-03,"Annual",32,0,0,0,100
"Magens Bay",2022,"3",2022-10-03,"Annual",25,0,0,0,100
"Magens Bay",2022,"4",2022-10-03,"Annual",64,0,0,0,100
"Magens Bay",2022,"5",2022-10-03,"Annual",5,0,0,0,100
"Magens Bay",2022,"6",2022-10-03,"Annual",4,0,0,0,100
"Magens Bay",2023,"1",2023-10-12,"Annual",6,0,0,0,100
"Magens Bay",2023,"2",2023-10-12,"Annual",35,11.4285714285714,2.85714285714286,14.2857142857143,85.7142857142857
"Magens Bay",2023,"3",2023-10-12,"Annual",37,2.7027027027027,0,2.7027027027027,97.2972972972973
"Magens Bay",2023,"4",2023-10-12,"Annual",34,0,0,0,100
"Magens Bay",2023,"5",2023-10-12,"Annual",8,0,0,0,100
"Magens Bay",2023,"6",2023-10-12,"Annual",16,12.5,0,12.5,87.5
"Magens Bay",2024,"1",2024-04-17,"PBL",4,0,0,0,100
"Magens Bay",2024,"1",2024-10-22,"Annual",3,0,33.3333333333333,33.3333333333333,66.6666666666667
"Magens Bay",2024,"2",2024-04-17,"PBL",30,0,0,0,100
"Magens Bay",2024,"2",2024-10-22,"Annual",21,0,0,0,100
"Magens Bay",2024,"3",2024-04-17,"PBL",35,0,0,0,100
"Magens Bay",2024,"3",2024-10-22,"Annual",30,36.6666666666667,3.33333333333333,36.6666666666667,63.3333333333333
"Magens Bay",2024,"4",2024-04-17,"PBL",37,0,0,0,100
"Magens Bay",2024,"4",2024-10-22,"Annual",40,37.5,12.5,47.5,52.5
"Magens Bay",2024,"5",2024-04-17,"PBL",9,0,0,0,100
"Magens Bay",2024,"5",2024-10-22,"Annual",8,0,0,0,100
"Magens Bay",2024,"6",2024-04-17,"PBL",11,0,0,0,100
"Magens Bay",2024,"6",2024-10-22,"Annual",14,0,7.14285714285714,7.14285714285714,92.8571428571429
"Magens Bay",2025,"1",2025-03-19,"PBL",3,0,0,0,100
"Magens Bay",2025,"2",2025-03-19,"PBL",23,0,0,0,100
"Magens Bay",2025,"3",2025-03-19,"PBL",30,0,0,0,100
"Magens Bay",2025,"4",2025-03-19,"PBL",29,6.89655172413793,0,6.89655172413793,93.1034482758621
"Magens Bay",2025,"5",2025-03-19,"PBL",5,0,0,0,100
"Magens Bay",2025,"6",2025-03-19,"PBL",6,0,0,0,100
"Meri Shoal",2022,"1",2022-11-30,"Annual",20,0,0,0,100
"Meri Shoal",2022,"2",2022-11-30,"Annual",33,0,0,0,100
"Meri Shoal",2022,"3",2022-11-30,"Annual",16,0,0,0,100
"Meri Shoal",2022,"4",2022-11-30,"Annual",12,0,0,0,100
"Meri Shoal",2022,"5",2022-11-30,"Annual",17,0,0,0,100
"Meri Shoal",2022,"6",2022-11-30,"Annual",26,0,0,0,100
"Meri Shoal",2023,"1",2023-12-07,"Annual",14,0,0,0,100
"Meri Shoal",2023,"2",2023-12-07,"Annual",21,0,0,0,100
"Meri Shoal",2023,"3",2023-12-07,"Annual",14,0,0,0,100
"Meri Shoal",2023,"4",2023-12-07,"Annual",19,10.5263157894737,0,10.5263157894737,89.4736842105263
"Meri Shoal",2023,"5",2023-12-07,"Annual",13,0,0,0,100
"Meri Shoal",2023,"6",2023-12-07,"Annual",22,9.09090909090909,0,9.09090909090909,90.9090909090909
"Meri Shoal",2024,"1",2024-04-22,"PBL",14,0,0,0,100
"Meri Shoal",2024,"1",2024-11-22,"Annual",12,0,8.33333333333333,8.33333333333333,91.6666666666667
"Meri Shoal",2024,"2",2024-04-22,"PBL",17,0,0,0,100
"Meri Shoal",2024,"2",2024-11-22,"Annual",18,0,0,0,100
"Meri Shoal",2024,"3",2024-04-22,"PBL",13,0,0,0,100
"Meri Shoal",2024,"3",2024-11-22,"Annual",10,0,0,0,100
"Meri Shoal",2024,"4",2024-04-22,"PBL",16,0,0,0,100
"Meri Shoal",2024,"4",2024-11-22,"Annual",13,0,7.69230769230769,7.69230769230769,92.3076923076923
"Meri Shoal",2024,"5",2024-04-22,"PBL",14,0,0,0,100
"Meri Shoal",2024,"5",2024-11-22,"Annual",18,0,0,0,100
"Meri Shoal",2024,"6",2024-04-22,"PBL",17,0,0,0,100
"Meri Shoal",2024,"6",2024-11-22,"Annual",18,0,0,0,100
"Meri Shoal",2025,"1",2025-03-21,"PBL",10,0,0,0,100
"Meri Shoal",2025,"2",2025-03-21,"PBL",9,0,0,0,100
"Meri Shoal",2025,"3",2025-03-21,"PBL",8,0,12.5,12.5,87.5
"Meri Shoal",2025,"4",2025-03-21,"PBL",9,0,0,0,100
"Meri Shoal",2025,"5",2025-03-21,"PBL",13,0,0,0,100
"Meri Shoal",2025,"6",2025-03-21,"PBL",13,0,0,0,100
"Mutton Snapper FSA",2022,"1",2022-10-22,"Annual",11,0,0,0,100
"Mutton Snapper FSA",2022,"2",2022-10-22,"Annual",15,0,0,0,100
"Mutton Snapper FSA",2022,"3",2022-10-22,"Annual",4,0,0,0,100
"Mutton Snapper FSA",2022,"4",2022-10-22,"Annual",8,0,0,0,100
"Mutton Snapper FSA",2022,"5",2022-10-22,"Annual",3,0,0,0,100
"Mutton Snapper FSA",2022,"6",2022-10-22,"Annual",9,0,0,0,100
"Mutton Snapper FSA",2023,"1",2023-11-10,"Annual",8,0,0,0,100
"Mutton Snapper FSA",2023,"2",2023-11-10,"Annual",6,0,0,0,100
"Mutton Snapper FSA",2023,"3",2023-11-10,"Annual",10,0,0,0,100
"Mutton Snapper FSA",2023,"4",2023-11-10,"Annual",11,0,0,0,100
"Mutton Snapper FSA",2023,"5",2023-11-10,"Annual",7,0,0,0,100
"Mutton Snapper FSA",2023,"6",2023-11-10,"Annual",11,0,0,0,100
"Mutton Snapper FSA",2024,"1",2024-03-15,"PBL",9,0,0,0,100
"Mutton Snapper FSA",2024,"1",2024-11-15,"Annual",8,0,0,0,100
"Mutton Snapper FSA",2024,"2",2024-03-15,"PBL",10,0,0,0,100
"Mutton Snapper FSA",2024,"2",2024-11-15,"Annual",7,0,0,0,100
"Mutton Snapper FSA",2024,"3",2024-03-15,"PBL",5,0,0,0,100
"Mutton Snapper FSA",2024,"3",2024-11-15,"Annual",16,0,0,0,100
"Mutton Snapper FSA",2024,"4",2024-03-15,"PBL",6,0,0,0,100
"Mutton Snapper FSA",2024,"4",2024-11-15,"Annual",9,0,0,0,100
"Mutton Snapper FSA",2024,"5",2024-03-15,"PBL",3,0,0,0,100
"Mutton Snapper FSA",2024,"5",2024-11-15,"Annual",15,0,0,0,100
"Mutton Snapper FSA",2024,"6",2024-03-15,"PBL",5,0,0,0,100
"Mutton Snapper FSA",2024,"6",2024-11-15,"Annual",9,11.1111111111111,0,11.1111111111111,88.8888888888889
"Mutton Snapper FSA",2025,"1",2025-04-14,"PBL",16,0,0,0,100
"Mutton Snapper FSA",2025,"2",2025-04-14,"PBL",20,0,0,0,100
"Mutton Snapper FSA",2025,"4",2025-04-14,"PBL",9,0,0,0,100
"Mutton Snapper FSA",2025,"5",2025-04-14,"PBL",8,0,0,0,100
"Mutton Snapper FSA",2025,"6",2025-04-14,"PBL",10,0,0,0,100
"Salt River Deep",2022,"1",2022-10-20,"Annual",7,0,0,0,100
"Salt River Deep",2022,"2",2022-10-20,"Annual",9,0,0,0,100
"Salt River Deep",2022,"3",2022-10-20,"Annual",8,0,0,0,100
"Salt River Deep",2022,"4",2022-10-20,"Annual",9,0,0,0,100
"Salt River Deep",2022,"5",2022-10-20,"Annual",9,0,0,0,100
"Salt River Deep",2022,"6",2022-10-20,"Annual",4,0,0,0,100
"Salt River Deep",2023,"1",2023-11-11,"Annual",5,0,0,0,100
"Salt River Deep",2023,"2",2023-11-11,"Annual",10,0,0,0,100
"Salt River Deep",2023,"3",2023-11-11,"Annual",3,33.3333333333333,0,33.3333333333333,66.6666666666667
"Salt River Deep",2023,"4",2023-11-11,"Annual",10,0,0,0,100
"Salt River Deep",2023,"5",2023-11-11,"Annual",7,0,0,0,100
"Salt River Deep",2023,"6",2023-11-11,"Annual",7,0,0,0,100
"Salt River Deep",2024,"1",2024-03-14,"PBL",6,0,0,0,100
"Salt River Deep",2024,"2",2024-03-14,"PBL",5,0,0,0,100
"Salt River Deep",2024,"2",2024-11-14,"Annual",5,0,0,0,100
"Salt River Deep",2024,"3",2024-03-14,"PBL",4,0,0,0,100
"Salt River Deep",2024,"3",2024-11-14,"Annual",9,0,0,0,100
"Salt River Deep",2024,"4",2024-03-14,"PBL",6,0,0,0,100
"Salt River Deep",2024,"4",2024-11-14,"Annual",7,0,0,0,100
"Salt River Deep",2024,"5",2024-03-14,"PBL",4,0,0,0,100
"Salt River Deep",2024,"5",2024-11-14,"Annual",5,40,0,40,60
"Salt River Deep",2024,"6",2024-03-14,"PBL",5,0,0,0,100
"Salt River Deep",2024,"6",2024-11-14,"Annual",8,0,0,0,100
"Salt River Deep",2025,"1",2025-04-12,"PBL",8,0,0,0,100
"Salt River Deep",2025,"2",2025-04-12,"PBL",4,0,0,0,100
"Salt River Deep",2025,"3",2025-04-12,"PBL",7,0,0,0,100
"Salt River Deep",2025,"4",2025-04-12,"PBL",10,0,0,0,100
"Salt River Deep",2025,"5",2025-04-12,"PBL",6,0,0,0,100
"Salt River Deep",2025,"6",2025-04-12,"PBL",6,0,33.3333333333333,33.3333333333333,66.6666666666667
"Salt River West",2022,"1",2022-10-20,"Annual",9,0,0,0,100
"Salt River West",2022,"2",2022-10-20,"Annual",11,0,0,0,100
"Salt River West",2022,"3",2022-10-20,"Annual",13,0,0,0,100
"Salt River West",2022,"4",2022-10-20,"Annual",15,0,0,0,100
"Salt River West",2022,"5",2022-10-20,"Annual",12,8.33333333333333,0,8.33333333333333,91.6666666666667
"Salt River West",2022,"6",2022-10-20,"Annual",17,0,0,0,100
"Salt River West",2023,"1",2023-11-11,"Annual",12,0,0,0,100
"Salt River West",2023,"2",2023-11-11,"Annual",10,0,0,0,100
"Salt River West",2023,"3",2023-11-11,"Annual",16,0,0,0,100
"Salt River West",2023,"4",2023-11-11,"Annual",16,12.5,0,12.5,87.5
"Salt River West",2023,"5",2023-11-11,"Annual",11,9.09090909090909,0,9.09090909090909,90.9090909090909
"Salt River West",2023,"6",2023-11-11,"Annual",13,7.69230769230769,0,7.69230769230769,92.3076923076923
"Salt River West",2024,"1",2024-03-14,"PBL",9,0,0,0,100
"Salt River West",2024,"1",2024-11-14,"Annual",6,0,0,0,100
"Salt River West",2024,"2",2024-03-14,"PBL",10,0,0,0,100
"Salt River West",2024,"2",2024-11-14,"Annual",11,0,0,0,100
"Salt River West",2024,"3",2024-03-14,"PBL",6,0,0,0,100
"Salt River West",2024,"3",2024-11-14,"Annual",10,10,0,10,90
"Salt River West",2024,"4",2024-03-14,"PBL",15,0,0,0,100
"Salt River West",2024,"4",2024-11-14,"Annual",9,0,0,0,100
"Salt River West",2024,"5",2024-03-14,"PBL",10,0,0,0,100
"Salt River West",2024,"5",2024-11-14,"Annual",17,5.88235294117647,0,5.88235294117647,94.1176470588235
"Salt River West",2024,"6",2024-03-14,"PBL",13,0,0,0,100
"Salt River West",2024,"6",2024-11-14,"Annual",16,6.25,0,6.25,93.75
"Salt River West",2025,"1",2025-04-12,"PBL",6,0,0,0,100
"Salt River West",2025,"2",2025-04-12,"PBL",11,0,0,0,100
"Salt River West",2025,"3",2025-04-12,"PBL",11,0,0,0,100
"Salt River West",2025,"4",2025-04-12,"PBL",14,0,0,0,100
"Salt River West",2025,"5",2025-04-12,"PBL",14,0,0,0,100
"Salt River West",2025,"6",2025-04-12,"PBL",9,0,0,0,100
"Savana",2022,"1",2022-10-03,"Annual",7,0,0,0,100
"Savana",2022,"2",2022-10-03,"Annual",13,0,0,0,100
"Savana",2022,"3",2022-10-03,"Annual",35,0,0,0,100
"Savana",2022,"4",2022-10-03,"Annual",6,0,0,0,100
"Savana",2022,"5",2022-10-03,"Annual",5,0,0,0,100
"Savana",2022,"6",2022-10-03,"Annual",5,0,0,0,100
"Savana",2023,"1",2023-10-30,"Annual",47,2.12765957446809,0,2.12765957446809,97.8723404255319
"Savana",2023,"2",2023-10-30,"Annual",46,0,0,0,100
"Savana",2023,"3",2023-10-30,"Annual",39,7.69230769230769,0,7.69230769230769,92.3076923076923
"Savana",2023,"4",2023-10-30,"Annual",11,0,0,0,100
"Savana",2023,"5",2023-10-30,"Annual",8,0,0,0,100
"Savana",2023,"6",2023-10-30,"Annual",8,0,0,0,100
"Savana",2024,"1",2024-04-11,"PBL",51,0,0,0,100
"Savana",2024,"1",2024-10-17,"Annual",69,0,1.44927536231884,1.44927536231884,98.5507246376812
"Savana",2024,"2",2024-04-11,"PBL",35,0,0,0,100
"Savana",2024,"2",2024-10-17,"Annual",40,37.5,0,37.5,62.5
"Savana",2024,"3",2024-04-11,"PBL",29,0,0,0,100
"Savana",2024,"3",2024-10-17,"Annual",43,37.2093023255814,2.32558139534884,37.2093023255814,62.7906976744186
"Savana",2024,"4",2024-04-11,"PBL",10,0,0,0,100
"Savana",2024,"4",2024-10-17,"Annual",7,0,0,0,100
"Savana",2024,"5",2024-04-11,"PBL",10,0,0,0,100
"Savana",2024,"5",2024-10-17,"Annual",12,0,0,0,100
"Savana",2024,"6",2024-04-11,"PBL",17,0,0,0,100
"Savana",2024,"6",2024-10-17,"Annual",12,8.33333333333333,0,8.33333333333333,91.6666666666667
"Savana",2025,"1",2025-03-19,"PBL",58,0,0,0,100
"Savana",2025,"2",2025-03-19,"PBL",36,0,0,0,100
"Savana",2025,"3",2025-03-19,"PBL",23,0,0,0,100
"Savana",2025,"4",2025-03-19,"PBL",4,0,0,0,100
"Savana",2025,"5",2025-03-19,"PBL",2,0,0,0,100
"Savana",2025,"6",2025-03-19,"PBL",7,0,0,0,100
"Seahorse Cottage Shoal",2022,"1",2022-10-04,"Annual",16,0,0,0,100
"Seahorse Cottage Shoal",2022,"2",2022-10-04,"Annual",19,0,0,0,100
"Seahorse Cottage Shoal",2022,"3",2022-10-04,"Annual",15,0,0,0,100
"Seahorse Cottage Shoal",2022,"4",2022-10-04,"Annual",101,0,0,0,100
"Seahorse Cottage Shoal",2022,"5",2022-10-04,"Annual",83,0,0,0,100
"Seahorse Cottage Shoal",2022,"6",2022-10-04,"Annual",101,0,0,0,100
"Seahorse Cottage Shoal",2023,"1",2023-10-30,"Annual",19,0,0,0,100
"Seahorse Cottage Shoal",2023,"2",2023-10-30,"Annual",15,0,0,0,100
"Seahorse Cottage Shoal",2023,"3",2023-10-30,"Annual",14,7.14285714285714,0,7.14285714285714,92.8571428571429
"Seahorse Cottage Shoal",2023,"4",2023-10-30,"Annual",86,9.30232558139535,3.48837209302326,12.7906976744186,87.2093023255814
"Seahorse Cottage Shoal",2023,"5",2023-10-30,"Annual",126,21.4285714285714,0.793650793650794,22.2222222222222,77.7777777777778
"Seahorse Cottage Shoal",2023,"6",2023-10-30,"Annual",83,34.9397590361446,2.40963855421687,37.3493975903614,62.6506024096386
"Seahorse Cottage Shoal",2024,"1",2024-03-07,"PBL",11,0,0,0,100
"Seahorse Cottage Shoal",2024,"1",2024-10-29,"Annual",14,0,0,0,100
"Seahorse Cottage Shoal",2024,"2",2024-03-07,"PBL",11,0,0,0,100
"Seahorse Cottage Shoal",2024,"2",2024-10-29,"Annual",15,0,0,0,100
"Seahorse Cottage Shoal",2024,"3",2024-03-07,"PBL",13,0,0,0,100
"Seahorse Cottage Shoal",2024,"3",2024-10-29,"Annual",15,0,6.66666666666667,6.66666666666667,93.3333333333333
"Seahorse Cottage Shoal",2024,"4",2024-03-07,"PBL",77,0,0,0,100
"Seahorse Cottage Shoal",2024,"4",2024-10-29,"Annual",94,5.31914893617021,1.06382978723404,6.38297872340426,93.6170212765958
"Seahorse Cottage Shoal",2024,"5",2024-03-07,"PBL",91,0,0,0,100
"Seahorse Cottage Shoal",2024,"5",2024-10-29,"Annual",106,0,0,0,100
"Seahorse Cottage Shoal",2024,"6",2024-03-07,"PBL",74,0,0,0,100
"Seahorse Cottage Shoal",2024,"6",2024-10-29,"Annual",110,35.4545454545455,0,35.4545454545455,64.5454545454545
"Seahorse Cottage Shoal",2025,"1",2025-03-20,"PBL",13,0,0,0,100
"Seahorse Cottage Shoal",2025,"2",2025-03-20,"PBL",18,0,0,0,100
"Seahorse Cottage Shoal",2025,"3",2025-03-20,"PBL",15,0,0,0,100
"Seahorse Cottage Shoal",2025,"4",2025-03-20,"PBL",83,0,1.20481927710843,1.20481927710843,98.7951807228916
"Seahorse Cottage Shoal",2025,"5",2025-03-20,"PBL",66,0,0,0,100
"Seahorse Cottage Shoal",2025,"6",2025-03-20,"PBL",68,0,0,0,100
"South Capella",2022,"1",2022-11-30,"Annual",10,0,0,0,100
"South Capella",2022,"2",2022-11-30,"Annual",8,0,0,0,100
"South Capella",2022,"3",2022-11-30,"Annual",11,0,0,0,100
"South Capella",2022,"4",2022-11-30,"Annual",9,0,0,0,100
"South Capella",2022,"5",2022-11-30,"Annual",15,0,0,0,100
"South Capella",2022,"6",2022-11-30,"Annual",14,0,0,0,100
"South Capella",2023,"1",2023-10-23,"Annual",16,0,0,0,100
"South Capella",2023,"2",2023-10-23,"Annual",16,0,0,0,100
"South Capella",2023,"3",2023-10-23,"Annual",18,5.55555555555556,0,5.55555555555556,94.4444444444444
"South Capella",2023,"4",2023-10-23,"Annual",9,0,0,0,100
"South Capella",2023,"5",2023-10-23,"Annual",15,0,0,0,100
"South Capella",2023,"6",2023-10-23,"Annual",15,0,0,0,100
"South Capella",2024,"1",2024-04-22,"PBL",9,0,0,0,100
"South Capella",2024,"1",2024-10-25,"Annual",9,0,0,0,100
"South Capella",2024,"2",2024-04-22,"PBL",8,12.5,0,12.5,87.5
"South Capella",2024,"2",2024-10-25,"Annual",9,0,0,0,100
"South Capella",2024,"3",2024-04-22,"PBL",6,0,0,0,100
"South Capella",2024,"3",2024-10-25,"Annual",12,0,0,0,100
"South Capella",2024,"4",2024-04-22,"PBL",8,0,0,0,100
"South Capella",2024,"4",2024-10-25,"Annual",13,0,0,0,100
"South Capella",2024,"5",2024-04-22,"PBL",9,0,0,0,100
"South Capella",2024,"5",2024-10-25,"Annual",13,0,7.69230769230769,7.69230769230769,92.3076923076923
"South Capella",2024,"6",2024-04-22,"PBL",13,0,0,0,100
"South Capella",2024,"6",2024-10-25,"Annual",15,0,0,0,100
"South Capella",2025,"1",2025-03-27,"PBL",15,0,0,0,100
"South Capella",2025,"2",2025-03-27,"PBL",14,0,0,0,100
"South Capella",2025,"3",2025-03-27,"PBL",13,0,0,0,100
"South Capella",2025,"4",2025-03-27,"PBL",16,0,0,0,100
"South Capella",2025,"5",2025-03-27,"PBL",16,0,6.25,6.25,93.75
"South Capella",2025,"6",2025-03-27,"PBL",14,0,0,0,100
"South Water",2022,"1",2022-12-07,"Annual",6,0,0,0,100
"South Water",2022,"2",2022-12-07,"Annual",9,0,0,0,100
"South Water",2022,"3",2022-12-07,"Annual",7,0,0,0,100
"South Water",2022,"4",2022-12-07,"Annual",8,0,0,0,100
"South Water",2022,"5",2022-12-07,"Annual",7,0,0,0,100
"South Water",2022,"6",2022-12-07,"Annual",8,0,0,0,100
"South Water",2023,"1",2023-10-23,"Annual",11,0,0,0,100
"South Water",2023,"2",2023-10-23,"Annual",13,0,0,0,100
"South Water",2023,"3",2023-10-23,"Annual",4,0,0,0,100
"South Water",2023,"4",2023-10-23,"Annual",7,0,0,0,100
"South Water",2023,"5",2023-10-23,"Annual",11,0,0,0,100
"South Water",2023,"6",2023-10-23,"Annual",12,0,0,0,100
"South Water",2024,"1",2024-04-26,"PBL",7,0,0,0,100
"South Water",2024,"1",2024-10-25,"Annual",11,0,0,0,100
"South Water",2024,"2",2024-04-26,"PBL",8,0,0,0,100
"South Water",2024,"2",2024-10-25,"Annual",9,0,0,0,100
"South Water",2024,"3",2024-04-26,"PBL",7,0,0,0,100
"South Water",2024,"3",2024-10-25,"Annual",18,22.2222222222222,0,22.2222222222222,77.7777777777778
"South Water",2024,"4",2024-04-26,"PBL",6,0,0,0,100
"South Water",2024,"4",2024-10-25,"Annual",11,0,0,0,100
"South Water",2024,"5",2024-04-26,"PBL",7,0,0,0,100
"South Water",2024,"5",2024-10-25,"Annual",15,0,0,0,100
"South Water",2024,"6",2024-04-26,"PBL",6,0,0,0,100
"South Water",2024,"6",2024-10-25,"Annual",29,20.6896551724138,3.44827586206897,24.1379310344828,75.8620689655172
"South Water",2025,"1",2025-03-28,"PBL",19,0,0,0,100
"South Water",2025,"2",2025-03-28,"PBL",15,0,0,0,100
"South Water",2025,"3",2025-03-28,"PBL",12,0,0,0,100
"South Water",2025,"4",2025-03-28,"PBL",11,0,0,0,100
"South Water",2025,"5",2025-03-28,"PBL",13,0,0,0,100
"South Water",2025,"6",2025-03-28,"PBL",11,0,0,0,100
"Sprat Hole",2022,"1",2022-10-22,"Annual",14,0,0,0,100
"Sprat Hole",2022,"2",2022-10-22,"Annual",14,0,0,0,100
"Sprat Hole",2022,"3",2022-10-22,"Annual",11,0,0,0,100
"Sprat Hole",2022,"4",2022-10-22,"Annual",6,0,0,0,100
"Sprat Hole",2022,"5",2022-10-22,"Annual",14,7.14285714285714,0,7.14285714285714,92.8571428571429
"Sprat Hole",2022,"6",2022-10-22,"Annual",16,0,0,0,100
"Sprat Hole",2023,"1",2023-11-12,"Annual",19,0,0,0,100
"Sprat Hole",2023,"2",2023-11-12,"Annual",18,0,0,0,100
"Sprat Hole",2023,"3",2023-11-12,"Annual",8,12.5,0,12.5,87.5
"Sprat Hole",2023,"4",2023-11-12,"Annual",11,0,0,0,100
"Sprat Hole",2023,"5",2023-11-12,"Annual",13,7.69230769230769,0,7.69230769230769,92.3076923076923
"Sprat Hole",2023,"6",2023-11-12,"Annual",16,0,0,0,100
"Sprat Hole",2024,"1",2024-03-15,"PBL",28,0,3.57142857142857,3.57142857142857,96.4285714285714
"Sprat Hole",2024,"1",2024-11-14,"Annual",18,0,0,0,100
"Sprat Hole",2024,"2",2024-03-15,"PBL",13,0,0,0,100
"Sprat Hole",2024,"2",2024-11-14,"Annual",13,0,7.69230769230769,7.69230769230769,92.3076923076923
"Sprat Hole",2024,"3",2024-03-15,"PBL",7,0,0,0,100
"Sprat Hole",2024,"3",2024-11-14,"Annual",7,0,0,0,100
"Sprat Hole",2024,"4",2024-03-15,"PBL",12,0,0,0,100
"Sprat Hole",2024,"4",2024-11-14,"Annual",12,16.6666666666667,0,16.6666666666667,83.3333333333333
"Sprat Hole",2024,"5",2024-03-15,"PBL",12,0,0,0,100
"Sprat Hole",2024,"5",2024-11-14,"Annual",15,6.66666666666667,0,6.66666666666667,93.3333333333333
"Sprat Hole",2024,"6",2024-03-15,"PBL",17,0,0,0,100
"Sprat Hole",2024,"6",2024-11-14,"Annual",22,18.1818181818182,0,18.1818181818182,81.8181818181818
"Sprat Hole",2025,"1",2025-04-14,"PBL",26,0,0,0,100
"Sprat Hole",2025,"2",2025-04-14,"PBL",15,0,0,0,100
"Sprat Hole",2025,"3",2025-04-14,"PBL",8,0,0,0,100
"Sprat Hole",2025,"4",2025-04-14,"PBL",12,0,0,0,100
"Sprat Hole",2025,"5",2025-04-14,"PBL",27,0,0,0,100
"Sprat Hole",2025,"6",2025-04-14,"PBL",14,0,0,0,100
"St James",2022,"1",2022-10-12,"Annual",5,0,0,0,100
"St James",2022,"2",2022-10-12,"Annual",11,0,0,0,100
"St James",2022,"3",2022-10-12,"Annual",5,0,0,0,100
"St James",2022,"4",2022-10-12,"Annual",12,0,0,0,100
"St James",2022,"5",2022-10-12,"Annual",15,0,0,0,100
"St James",2022,"6",2022-10-12,"Annual",12,0,0,0,100
"St James",2023,"1",2023-10-19,"Annual",14,0,0,0,100
"St James",2023,"2",2023-10-19,"Annual",20,0,0,0,100
"St James",2023,"3",2023-10-19,"Annual",11,9.09090909090909,0,9.09090909090909,90.9090909090909
"St James",2023,"4",2023-10-19,"Annual",18,11.1111111111111,0,11.1111111111111,88.8888888888889
"St James",2023,"5",2023-10-19,"Annual",19,10.5263157894737,0,10.5263157894737,89.4736842105263
"St James",2023,"6",2023-10-19,"Annual",16,0,0,0,100
"St James",2024,"1",2024-04-26,"PBL",12,0,0,0,100
"St James",2024,"1",2024-10-29,"Annual",14,0,0,0,100
"St James",2024,"2",2024-04-26,"PBL",11,0,0,0,100
"St James",2024,"2",2024-10-29,"Annual",13,0,0,0,100
"St James",2024,"3",2024-04-26,"PBL",8,0,0,0,100
"St James",2024,"3",2024-10-29,"Annual",12,0,0,0,100
"St James",2024,"4",2024-04-26,"PBL",13,0,0,0,100
"St James",2024,"4",2024-10-29,"Annual",23,0,0,0,100
"St James",2024,"5",2024-04-26,"PBL",13,0,0,0,100
"St James",2024,"5",2024-10-29,"Annual",14,0,0,0,100
"St James",2024,"6",2024-04-26,"PBL",11,0,0,0,100
"St James",2024,"6",2024-10-29,"Annual",26,0,0,0,100
"St James",2025,"1",2025-03-21,"PBL",27,0,0,0,100
"St James",2025,"2",2025-03-21,"PBL",23,0,0,0,100
"St James",2025,"3",2025-03-21,"PBL",24,0,0,0,100
"St James",2025,"4",2025-03-21,"PBL",19,0,0,0,100
"St James",2025,"5",2025-03-21,"PBL",12,0,0,0,100
"St James",2025,"6",2025-03-21,"PBL",12,0,0,0,100
