"site","year","replicate","date","period","ext_bleached","ext_verypale","ext_anybleaching","ext_nobleaching"
"Black Point",2022,"1",2022-10-10,"Annual",7.83333333333333,0,7.83333333333333,92.1666666666667
"Black Point",2022,"2",2022-10-10,"Annual",5.4,0,5.4,94.6
"Black Point",2022,"3",2022-10-10,"Annual",8.47619047619048,0,8.47619047619048,91.5238095238095
"Black Point",2022,"4",2022-10-10,"Annual",0,0,0,0
"Black Point",2022,"5",2022-10-10,"Annual",0,0,0,0
"Black Point",2022,"6",2022-10-10,"Annual",0,0,0,0
"Black Point",2023,"1",2023-10-17,"Annual",62,0,62,38
"Black Point",2023,"2",2023-10-17,"Annual",57.5,36.6666666666667,61.7307692307692,38.2692307692308
"Black Point",2023,"3",2023-10-17,"Annual",81.6792452830189,55.625,85.25,14.75
"Black Point",2023,"4",2023-10-17,"Annual",91.4285714285714,80,86.6666666666667,13.3333333333333
"Black Point",2023,"5",2023-10-17,"Annual",0,0,0,0
"Black Point",2023,"6",2023-10-17,"Annual",0,0,0,0
"Black Point",2024,"1",2024-02-15,"PBL",0,0,0,0
"Black Point",2024,"1",2024-10-11,"Annual",100,0,100,0
"Black Point",2024,"2",2024-02-15,"PBL",0,0,0,0
"Black Point",2024,"2",2024-10-11,"Annual",100,0,100,0
"Black Point",2024,"3",2024-02-15,"PBL",7.5,0,7.5,92.5
"Black Point",2024,"3",2024-10-11,"Annual",75.5882352941177,79.2857142857143,76.6666666666667,23.3333333333333
"Black Point",2024,"4",2024-02-15,"PBL",0,0,0,0
"Black Point",2024,"4",2024-10-11,"Annual",0,0,0,0
"Black Point",2024,"5",2024-02-15,"PBL",0,0,0,0
"Black Point",2024,"5",2024-10-11,"Annual",100,85,91.4285714285714,8.57142857142857
"Black Point",2024,"6",2024-02-15,"PBL",0,0,0,0
"Black Point",2024,"6",2024-10-11,"Annual",0,0,0,0
"Black Point",2025,"1",2025-03-26,"PBL",25,0,25,75
"Black Point",2025,"2",2025-03-26,"PBL",0,0,0,0
"Black Point",2025,"3",2025-03-26,"PBL",30,0,30,70
"Black Point",2025,"4",2025-03-26,"PBL",0,0,0,0
"Black Point",2025,"5",2025-03-26,"PBL",0,0,0,0
"Black Point",2025,"6",2025-03-26,"PBL",0,0,0,0
"Botany Bay",2022,"1",2022-10-03,"Annual",3,0,3,97
"Botany Bay",2022,"2",2022-10-03,"Annual",10,0,10,90
"Botany Bay",2022,"3",2022-10-03,"Annual",0,0,0,0
"Botany Bay",2022,"4",2022-10-03,"Annual",0,0,0,0
"Botany Bay",2022,"5",2022-10-03,"Annual",0,0,0,0
"Botany Bay",2022,"6",2022-10-03,"Annual",0,0,0,0
"Botany Bay",2023,"1",2023-10-12,"Annual",0,0,0,0
"Botany Bay",2023,"2",2023-10-12,"Annual",0,60,60,40
"Botany Bay",2023,"3",2023-10-12,"Annual",60,0,60,40
"Botany Bay",2023,"4",2023-10-12,"Annual",61.6666666666667,0,61.6666666666667,38.3333333333333
"Botany Bay",2023,"5",2023-10-12,"Annual",0,0,0,0
"Botany Bay",2023,"6",2023-10-12,"Annual",0,0,0,0
"Botany Bay",2024,"1",2024-04-17,"PBL",15,0,15,85
"Botany Bay",2024,"1",2024-10-17,"Annual",100,0,100,0
"Botany Bay",2024,"2",2024-04-17,"PBL",0,0,0,0
"Botany Bay",2024,"2",2024-10-17,"Annual",40,10,50,50
"Botany Bay",2024,"3",2024-04-17,"PBL",0,0,0,0
"Botany Bay",2024,"3",2024-10-17,"Annual",57.7142857142857,0,57.7142857142857,42.2857142857143
"Botany Bay",2024,"4",2024-04-17,"PBL",0,0,0,0
"Botany Bay",2024,"4",2024-10-17,"Annual",54,0,54,46
"Botany Bay",2024,"5",2024-04-17,"PBL",0,0,0,0
"Botany Bay",2024,"5",2024-10-17,"Annual",0,0,0,0
"Botany Bay",2024,"6",2024-04-17,"PBL",0,0,0,0
"Botany Bay",2024,"6",2024-10-17,"Annual",60,0,60,40
"Botany Bay",2025,"1",2025-03-19,"PBL",65,0,65,35
"Botany Bay",2025,"2",2025-03-19,"PBL",6,0,6,94
"Botany Bay",2025,"3",2025-03-19,"PBL",10,100,55,45
"Botany Bay",2025,"4",2025-03-19,"PBL",0,0,0,0
"Botany Bay",2025,"5",2025-03-19,"PBL",0,0,0,0
"Botany Bay",2025,"6",2025-03-19,"PBL",0,0,0,0
"Brewers Bay",2022,"1",2022-09-23,"Annual",10,0,10,90
"Brewers Bay",2022,"2",2022-09-23,"Annual",15,0,15,85
"Brewers Bay",2022,"3",2022-09-23,"Annual",1.5,0,1.5,98.5
"Brewers Bay",2022,"4",2022-09-23,"Annual",4.5,0,4.5,95.5
"Brewers Bay",2022,"5",2022-09-23,"Annual",2.5,2.5,2.5,97.5
"Brewers Bay",2022,"6",2022-09-23,"Annual",6.5,6,6.33333333333333,93.6666666666667
"Brewers Bay",2023,"1",2023-10-17,"Annual",52.5,0,52.5,47.5
"Brewers Bay",2023,"2",2023-10-17,"Annual",0,0,0,0
"Brewers Bay",2023,"3",2023-10-17,"Annual",42,0,42,58
"Brewers Bay",2023,"4",2023-10-17,"Annual",40,0,40,60
"Brewers Bay",2023,"5",2023-10-17,"Annual",70,0,70,30
"Brewers Bay",2023,"6",2023-10-17,"Annual",0,0,0,0
"Brewers Bay",2024,"1",2024-04-11,"PBL",0,0,0,0
"Brewers Bay",2024,"1",2024-10-11,"Annual",0,0,0,0
"Brewers Bay",2024,"2",2024-04-11,"PBL",0,0,0,0
"Brewers Bay",2024,"2",2024-10-11,"Annual",0,0,0,0
"Brewers Bay",2024,"3",2024-04-11,"PBL",0,0,0,0
"Brewers Bay",2024,"3",2024-10-11,"Annual",0,0,0,0
"Brewers Bay",2024,"4",2024-04-11,"PBL",0,0,0,0
"Brewers Bay",2024,"4",2024-10-11,"Annual",0,0,0,0
"Brewers Bay",2024,"5",2024-04-11,"PBL",0,0,0,0
"Brewers Bay",2024,"5",2024-10-11,"Annual",100,0,100,0
"Brewers Bay",2024,"6",2024-04-11,"PBL",0,0,0,0
"Brewers Bay",2024,"6",2024-10-11,"Annual",0,0,0,0
"Brewers Bay",2025,"1",2025-03-26,"PBL",0,0,0,0
"Brewers Bay",2025,"2",2025-03-26,"PBL",0,0,0,0
"Brewers Bay",2025,"3",2025-03-26,"PBL",100,0,100,0
"Brewers Bay",2025,"4",2025-03-26,"PBL",0,0,0,0
"Brewers Bay",2025,"5",2025-03-26,"PBL",0,0,0,0
"Brewers Bay",2025,"6",2025-03-26,"PBL",0,0,0,0
"Buck Island STT",2022,"1",2022-10-04,"Annual",0,0,0,0
"Buck Island STT",2022,"2",2022-10-04,"Annual",0,0,0,0
"Buck Island STT",2022,"3",2022-10-04,"Annual",0,0,0,0
"Buck Island STT",2022,"4",2022-10-04,"Annual",20,0,20,80
"Buck Island STT",2022,"5",2022-10-04,"Annual",0,0,0,0
"Buck Island STT",2022,"6",2022-10-04,"Annual",2,0,2,98
"Buck Island STT",2023,"1",2023-10-19,"Annual",0,0,0,0
"Buck Island STT",2023,"2",2023-10-19,"Annual",0,0,0,0
"Buck Island STT",2023,"3",2023-10-19,"Annual",0,0,0,0
"Buck Island STT",2023,"4",2023-10-19,"Annual",50,10,36.6666666666667,63.3333333333333
"Buck Island STT",2023,"5",2023-10-30,"Annual",0,0,0,0
"Buck Island STT",2023,"6",2023-10-19,"Annual",84.5,89.1666666666667,86.25,13.75
"Buck Island STT",2024,"1",2024-04-02,"PBL",5,0,5,95
"Buck Island STT",2024,"1",2024-10-18,"Annual",0,0,0,0
"Buck Island STT",2024,"2",2024-04-02,"PBL",7.5,0,7.5,92.5
"Buck Island STT",2024,"2",2024-10-18,"Annual",0,0,0,0
"Buck Island STT",2024,"3",2024-04-02,"PBL",0,0,0,0
"Buck Island STT",2024,"3",2024-10-18,"Annual",0,0,0,0
"Buck Island STT",2024,"4",2024-04-02,"PBL",0,0,0,0
"Buck Island STT",2024,"4",2024-10-18,"Annual",0,35,35,65
"Buck Island STT",2024,"5",2024-04-02,"PBL",0,0,0,0
"Buck Island STT",2024,"5",2024-10-18,"Annual",90.2,0,90.2,9.8
"Buck Island STT",2024,"6",2024-04-02,"PBL",0,100,100,0
"Buck Island STT",2024,"6",2024-10-18,"Annual",78.8461538461538,65,77.8571428571429,22.1428571428571
"Buck Island STT",2025,"1",2025-03-20,"PBL",0,0,0,0
"Buck Island STT",2025,"2",2025-03-20,"PBL",0,0,0,0
"Buck Island STT",2025,"3",2025-03-20,"PBL",0,0,0,0
"Buck Island STT",2025,"4",2025-03-20,"PBL",0,0,0,0
"Buck Island STT",2025,"5",2025-03-20,"PBL",0,0,0,0
"Buck Island STT",2025,"6",2025-03-20,"PBL",100,0,100,0
"Buck Island STX",2022,"1",2022-10-17,"Annual",0,0,0,0
"Buck Island STX",2022,"2",2022-10-17,"Annual",0,0,0,0
"Buck Island STX",2022,"3",2022-10-17,"Annual",0,0,0,0
"Buck Island STX",2022,"4",2022-10-17,"Annual",0,0,0,0
"Buck Island STX",2022,"5",2022-10-17,"Annual",8,0,8,92
"Buck Island STX",2022,"6",2022-10-17,"Annual",0,0,0,0
"Buck Island STX",2023,"1",2023-11-09,"Annual",100,0,100,0
"Buck Island STX",2023,"2",2023-11-09,"Annual",71.25,80,73,27
"Buck Island STX",2023,"3",2023-11-09,"Annual",71,0,71,29
"Buck Island STX",2023,"4",2023-11-09,"Annual",95,0,95,5
"Buck Island STX",2023,"5",2023-11-09,"Annual",0,0,0,0
"Buck Island STX",2023,"6",2023-11-09,"Annual",0,0,0,0
"Buck Island STX",2024,"1",2024-03-13,"PBL",0,0,0,0
"Buck Island STX",2024,"1",2024-11-11,"Annual",0,0,0,0
"Buck Island STX",2024,"2",2024-03-13,"PBL",0,0,0,0
"Buck Island STX",2024,"2",2024-11-11,"Annual",0,0,0,0
"Buck Island STX",2024,"3",2024-03-13,"PBL",0,0,0,0
"Buck Island STX",2024,"3",2024-11-11,"Annual",0,0,0,0
"Buck Island STX",2024,"4",2024-03-13,"PBL",0,0,0,0
"Buck Island STX",2024,"4",2024-11-11,"Annual",10,0,10,90
"Buck Island STX",2024,"5",2024-03-13,"PBL",0,0,0,0
"Buck Island STX",2024,"5",2024-11-11,"Annual",0,0,0,0
"Buck Island STX",2024,"6",2024-03-13,"PBL",0,0,0,0
"Buck Island STX",2024,"6",2024-11-11,"Annual",0,0,0,0
"Buck Island STX",2025,"1",2025-04-11,"PBL",0,0,0,0
"Buck Island STX",2025,"2",2025-04-11,"PBL",0,0,0,0
"Buck Island STX",2025,"3",2025-04-11,"PBL",0,0,0,0
"Buck Island STX",2025,"4",2025-04-11,"PBL",0,0,0,0
"Buck Island STX",2025,"5",2025-04-11,"PBL",0,0,0,0
"Buck Island STX",2025,"6",2025-04-11,"PBL",0,0,0,0
"Buck Island STX Deep",2022,"1",2022-10-19,"Annual",2.66666666666667,4,3,97
"Buck Island STX Deep",2022,"2",2022-10-19,"Annual",2.5,5,3.33333333333333,96.6666666666667
"Buck Island STX Deep",2022,"3",2022-10-19,"Annual",25,0,25,75
"Buck Island STX Deep",2022,"4",2022-10-19,"Annual",5,0,5,95
"Buck Island STX Deep",2022,"5",2022-10-19,"Annual",0,0,0,0
"Buck Island STX Deep",2022,"6",2022-10-19,"Annual",0,0,0,0
"Buck Island STX Deep",2023,"1",2023-11-09,"Annual",0,0,0,0
"Buck Island STX Deep",2023,"2",2023-11-09,"Annual",0,0,0,0
"Buck Island STX Deep",2023,"3",2023-11-09,"Annual",0,0,0,0
"Buck Island STX Deep",2023,"4",2023-11-09,"Annual",0,0,0,0
"Buck Island STX Deep",2023,"5",2023-11-09,"Annual",0,0,0,0
"Buck Island STX Deep",2023,"6",2023-11-09,"Annual",0,0,0,0
"Buck Island STX Deep",2024,"1",2024-03-11,"PBL",0,0,0,0
"Buck Island STX Deep",2024,"1",2024-11-11,"Annual",0,0,0,0
"Buck Island STX Deep",2024,"2",2024-03-11,"PBL",0,0,0,0
"Buck Island STX Deep",2024,"2",2024-11-11,"Annual",0,0,0,0
"Buck Island STX Deep",2024,"3",2024-03-11,"PBL",0,0,0,0
"Buck Island STX Deep",2024,"3",2024-11-11,"Annual",5,0,5,95
"Buck Island STX Deep",2024,"4",2024-03-11,"PBL",0,0,0,0
"Buck Island STX Deep",2024,"4",2024-11-11,"Annual",0,0,0,0
"Buck Island STX Deep",2024,"5",2024-03-11,"PBL",0,0,0,0
"Buck Island STX Deep",2024,"5",2024-11-11,"Annual",0,0,0,0
"Buck Island STX Deep",2024,"6",2024-03-11,"PBL",0,0,0,0
"Buck Island STX Deep",2024,"6",2024-11-11,"Annual",0,0,0,0
"Buck Island STX Deep",2025,"1",2025-04-11,"PBL",0,0,0,0
"Buck Island STX Deep",2025,"2",2025-04-11,"PBL",0,0,0,0
"Buck Island STX Deep",2025,"3",2025-04-11,"PBL",0,0,0,0
"Buck Island STX Deep",2025,"4",2025-04-11,"PBL",0,0,0,0
"Buck Island STX Deep",2025,"5",2025-04-11,"PBL",0,0,0,0
"Buck Island STX Deep",2025,"6",2025-04-11,"PBL",0,0,0,0
"Cane Bay",2022,"1",2022-11-18,"Annual",0,0,0,0
"Cane Bay",2022,"2",2022-11-18,"Annual",0,0,0,0
"Cane Bay",2022,"3",2022-11-18,"Annual",11,0,11,89
"Cane Bay",2022,"4",2022-11-18,"Annual",4,0,4,96
"Cane Bay",2022,"5",2022-11-18,"Annual",0,0,0,0
"Cane Bay",2022,"6",2022-11-18,"Annual",0,0,0,0
"Cane Bay",2023,"1",2023-11-12,"Annual",0,0,0,0
"Cane Bay",2023,"2",2023-11-12,"Annual",0,0,0,0
"Cane Bay",2023,"3",2023-11-12,"Annual",65,0,65,35
"Cane Bay",2023,"4",2023-11-12,"Annual",0,0,0,0
"Cane Bay",2023,"5",2023-11-12,"Annual",0,0,0,0
"Cane Bay",2023,"6",2023-11-12,"Annual",90,0,90,10
"Cane Bay",2024,"1",2024-03-13,"PBL",8,0,8,92
"Cane Bay",2024,"1",2024-11-12,"Annual",0,0,0,0
"Cane Bay",2024,"2",2024-03-13,"PBL",0,0,0,0
"Cane Bay",2024,"2",2024-11-12,"Annual",0,0,0,0
"Cane Bay",2024,"3",2024-03-13,"PBL",0,0,0,0
"Cane Bay",2024,"3",2024-11-12,"Annual",0,0,0,0
"Cane Bay",2024,"4",2024-03-13,"PBL",0,0,0,0
"Cane Bay",2024,"4",2024-11-12,"Annual",100,0,100,0
"Cane Bay",2024,"5",2024-03-13,"PBL",10,0,10,90
"Cane Bay",2024,"5",2024-11-12,"Annual",100,0,100,0
"Cane Bay",2024,"6",2024-03-13,"PBL",0,0,0,0
"Cane Bay",2024,"6",2024-11-12,"Annual",83.75,0,83.75,16.25
"Cane Bay",2025,"1",2025-04-16,"PBL",0,0,0,0
"Cane Bay",2025,"2",2025-04-16,"PBL",0,0,0,0
"Cane Bay",2025,"3",2025-04-16,"PBL",0,0,0,0
"Cane Bay",2025,"4",2025-04-16,"PBL",15,0,15,85
"Cane Bay",2025,"5",2025-04-16,"PBL",0,0,0,0
"Cane Bay",2025,"6",2025-04-16,"PBL",0,0,0,0
"Cane Bay Deep",2022,"1",2022-11-18,"Annual",0,0,0,0
"Cane Bay Deep",2022,"2",2022-11-18,"Annual",4,0,4,96
"Cane Bay Deep",2022,"3",2022-11-18,"Annual",0,0,0,0
"Cane Bay Deep",2022,"4",2022-11-18,"Annual",2.5,0,2.5,97.5
"Cane Bay Deep",2022,"5",2022-11-18,"Annual",2,0,2,98
"Cane Bay Deep",2022,"6",2022-11-18,"Annual",0,0,0,0
"Cane Bay Deep",2023,"1",2023-11-12,"Annual",0,0,0,0
"Cane Bay Deep",2023,"2",2023-11-12,"Annual",0,0,0,0
"Cane Bay Deep",2023,"3",2023-11-12,"Annual",0,0,0,0
"Cane Bay Deep",2023,"4",2023-11-12,"Annual",0,0,0,0
"Cane Bay Deep",2023,"5",2023-11-12,"Annual",0,0,0,0
"Cane Bay Deep",2023,"6",2023-11-12,"Annual",0,0,0,0
"Cane Bay Deep",2024,"1",2024-03-13,"PBL",0,0,0,0
"Cane Bay Deep",2024,"1",2024-11-12,"Annual",0,0,0,0
"Cane Bay Deep",2024,"2",2024-03-13,"PBL",0,0,0,0
"Cane Bay Deep",2024,"2",2024-11-12,"Annual",0,0,0,0
"Cane Bay Deep",2024,"3",2024-03-13,"PBL",4,0,4,96
"Cane Bay Deep",2024,"3",2024-11-12,"Annual",0,0,0,0
"Cane Bay Deep",2024,"4",2024-03-13,"PBL",50,0,50,50
"Cane Bay Deep",2024,"4",2024-11-12,"Annual",0,0,0,0
"Cane Bay Deep",2024,"5",2024-03-13,"PBL",0,0,0,0
"Cane Bay Deep",2024,"5",2024-11-12,"Annual",0,0,0,0
"Cane Bay Deep",2024,"6",2024-03-13,"PBL",0,0,0,0
"Cane Bay Deep",2024,"6",2024-11-12,"Annual",0,0,0,0
"Cane Bay Deep",2025,"1",2025-04-16,"PBL",0,0,0,0
"Cane Bay Deep",2025,"2",2025-04-16,"PBL",0,0,0,0
"Cane Bay Deep",2025,"3",2025-04-16,"PBL",0,0,0,0
"Cane Bay Deep",2025,"4",2025-04-16,"PBL",0,0,0,0
"Cane Bay Deep",2025,"5",2025-04-16,"PBL",0,0,0,0
"Cane Bay Deep",2025,"6",2025-04-16,"PBL",0,0,0,0
"Castle",2022,"1",2022-10-19,"Annual",11.5,0,11.5,88.5
"Castle",2022,"2",2022-10-19,"Annual",3,0,3,97
"Castle",2022,"3",2022-10-19,"Annual",0,0,0,0
"Castle",2022,"4",2022-10-19,"Annual",0,0,0,0
"Castle",2022,"5",2022-10-19,"Annual",0,0,0,0
"Castle",2022,"6",2022-10-19,"Annual",0,0,0,0
"Castle",2023,"1",2023-11-13,"Annual",0,0,0,0
"Castle",2023,"2",2023-11-13,"Annual",0,100,100,0
"Castle",2023,"3",2023-11-13,"Annual",100,0,100,0
"Castle",2023,"4",2023-11-13,"Annual",70,0,70,30
"Castle",2023,"5",2023-11-13,"Annual",0,0,0,0
"Castle",2023,"6",2023-11-13,"Annual",0,0,0,0
"Castle",2024,"1",2024-03-11,"PBL",0,0,0,0
"Castle",2024,"1",2024-11-12,"Annual",0,0,0,0
"Castle",2024,"2",2024-03-11,"PBL",0,0,0,0
"Castle",2024,"2",2024-11-12,"Annual",0,0,0,0
"Castle",2024,"3",2024-03-11,"PBL",0,0,0,0
"Castle",2024,"3",2024-11-12,"Annual",0,0,0,0
"Castle",2024,"4",2024-03-11,"PBL",0,0,0,0
"Castle",2024,"4",2024-11-12,"Annual",100,0,100,0
"Castle",2024,"5",2024-03-11,"PBL",0,0,0,0
"Castle",2024,"5",2024-11-12,"Annual",0,0,0,0
"Castle",2024,"6",2024-03-11,"PBL",0,0,0,0
"Castle",2024,"6",2024-11-12,"Annual",70,0,70,30
"Castle",2025,"1",2025-04-11,"PBL",0,0,0,0
"Castle",2025,"2",2025-04-11,"PBL",0,0,0,0
"Castle",2025,"3",2025-04-11,"PBL",0,0,0,0
"Castle",2025,"4",2025-04-11,"PBL",0,0,0,0
"Castle",2025,"5",2025-04-11,"PBL",0,0,0,0
"Castle",2025,"6",2025-04-11,"PBL",0,0,0,0
"Coculus Rock",2022,"1",2022-10-04,"Annual",0,0,0,0
"Coculus Rock",2022,"2",2022-10-04,"Annual",0,0,0,0
"Coculus Rock",2022,"3",2022-10-04,"Annual",0,0,0,0
"Coculus Rock",2022,"4",2022-10-04,"Annual",5,0,5,95
"Coculus Rock",2022,"5",2022-10-04,"Annual",5,0,5,95
"Coculus Rock",2022,"6",2022-10-04,"Annual",0,0,0,0
"Coculus Rock",2023,"1",2023-10-13,"Annual",90.15625,97.5,91.625,8.375
"Coculus Rock",2023,"2",2023-10-13,"Annual",68.4,0,68.4,31.6
"Coculus Rock",2023,"3",2023-10-13,"Annual",52.5,0,52.5,47.5
"Coculus Rock",2023,"4",2023-10-13,"Annual",85.2631578947368,0,85.2631578947368,14.7368421052632
"Coculus Rock",2023,"5",2023-10-13,"Annual",95,0,95,5
"Coculus Rock",2023,"6",2023-10-13,"Annual",0,90,90,10
"Coculus Rock",2024,"1",2024-04-02,"PBL",0,0,0,0
"Coculus Rock",2024,"1",2024-10-18,"Annual",100,35,92.7777777777778,7.22222222222223
"Coculus Rock",2024,"2",2024-04-02,"PBL",0,0,0,0
"Coculus Rock",2024,"2",2024-10-18,"Annual",0,0,0,0
"Coculus Rock",2024,"3",2024-04-02,"PBL",10,0,10,90
"Coculus Rock",2024,"3",2024-10-18,"Annual",100,0,100,0
"Coculus Rock",2024,"4",2024-04-02,"PBL",0,0,0,0
"Coculus Rock",2024,"4",2024-10-18,"Annual",100,0,100,0
"Coculus Rock",2024,"5",2024-04-02,"PBL",0,0,0,0
"Coculus Rock",2024,"5",2024-10-18,"Annual",0,0,0,0
"Coculus Rock",2024,"6",2024-04-02,"PBL",0,0,0,0
"Coculus Rock",2024,"6",2024-10-18,"Annual",100,0,100,0
"Coculus Rock",2025,"1",2025-05-08,"PBL",76.4,100,89.2727272727273,10.7272727272727
"Coculus Rock",2025,"2",2025-05-08,"PBL",0,0,0,0
"Coculus Rock",2025,"3",2025-05-08,"PBL",52.5,0,52.5,47.5
"Coculus Rock",2025,"4",2025-05-08,"PBL",25,0,25,75
"Coculus Rock",2025,"5",2025-05-08,"PBL",0,0,0,0
"Coculus Rock",2025,"6",2025-05-08,"PBL",0,0,0,0
"College Shoal East",2022,"1",2022-11-18,"Annual",4,0,4,96
"College Shoal East",2022,"2",2022-11-18,"Annual",0,0,0,0
"College Shoal East",2022,"3",2022-11-18,"Annual",0,0,0,0
"College Shoal East",2022,"4",2022-11-18,"Annual",3,0,3,97
"College Shoal East",2022,"5",2022-11-18,"Annual",0,0,0,0
"College Shoal East",2022,"6",2022-11-18,"Annual",3,0,3,97
"College Shoal East",2023,"1",2023-12-06,"Annual",0,0,0,0
"College Shoal East",2023,"2",2023-12-06,"Annual",0,0,0,0
"College Shoal East",2023,"3",2023-12-06,"Annual",92.5,0,92.5,7.5
"College Shoal East",2023,"4",2023-12-06,"Annual",0,0,0,0
"College Shoal East",2023,"5",2023-12-06,"Annual",0,0,0,0
"College Shoal East",2023,"6",2023-12-06,"Annual",0,0,0,0
"College Shoal East",2024,"1",2024-05-14,"PBL",0,0,0,0
"College Shoal East",2024,"1",2024-11-21,"Annual",0,0,0,0
"College Shoal East",2024,"2",2024-05-14,"PBL",0,0,0,0
"College Shoal East",2024,"2",2024-11-21,"Annual",0,0,0,0
"College Shoal East",2024,"3",2024-05-14,"PBL",0,5,5,95
"College Shoal East",2024,"3",2024-11-21,"Annual",0,0,0,0
"College Shoal East",2024,"4",2024-05-14,"PBL",0,0,0,0
"College Shoal East",2024,"4",2024-11-21,"Annual",0,0,0,0
"College Shoal East",2024,"5",2024-05-14,"PBL",0,0,0,0
"College Shoal East",2024,"5",2024-11-21,"Annual",0,0,0,0
"College Shoal East",2024,"6",2024-05-14,"PBL",0,0,0,0
"College Shoal East",2024,"6",2024-11-21,"Annual",0,0,0,0
"College Shoal East",2025,"1",2025-04-08,"PBL",0,40,40,60
"College Shoal East",2025,"2",2025-04-08,"PBL",0,0,0,0
"College Shoal East",2025,"3",2025-04-08,"PBL",0,0,0,0
"College Shoal East",2025,"4",2025-04-08,"PBL",0,0,0,0
"College Shoal East",2025,"5",2025-04-08,"PBL",10,0,10,90
"College Shoal East",2025,"6",2025-04-08,"PBL",0,0,0,0
"Coral Bay",2022,"1",2022-09-08,"Annual",3,0,3,97
"Coral Bay",2022,"2",2022-09-08,"Annual",3,0,3,97
"Coral Bay",2022,"3",2022-09-08,"Annual",0,0,0,0
"Coral Bay",2022,"4",2022-09-08,"Annual",0,0,0,0
"Coral Bay",2022,"5",2022-09-08,"Annual",0,0,0,0
"Coral Bay",2022,"6",2022-09-08,"Annual",0,0,0,0
"Coral Bay",2023,"1",2023-10-13,"Annual",0,0,0,0
"Coral Bay",2023,"2",2023-10-13,"Annual",0,0,0,0
"Coral Bay",2023,"3",2023-10-13,"Annual",0,0,0,0
"Coral Bay",2023,"4",2023-10-13,"Annual",50,0,50,50
"Coral Bay",2023,"5",2023-10-13,"Annual",95,0,95,5
"Coral Bay",2023,"6",2023-10-13,"Annual",60,80,100,0
"Coral Bay",2024,"1",2024-02-16,"PBL",0,0,0,0
"Coral Bay",2024,"1",2024-10-24,"Annual",0,0,0,0
"Coral Bay",2024,"2",2024-02-16,"PBL",0,0,0,0
"Coral Bay",2024,"2",2024-10-24,"Annual",0,0,0,0
"Coral Bay",2024,"3",2024-02-16,"PBL",0,0,0,0
"Coral Bay",2024,"3",2024-10-24,"Annual",0,0,0,0
"Coral Bay",2024,"4",2024-02-16,"PBL",0,0,0,0
"Coral Bay",2024,"4",2024-10-24,"Annual",30,0,30,70
"Coral Bay",2024,"5",2024-02-16,"PBL",0,0,0,0
"Coral Bay",2024,"5",2024-10-24,"Annual",35,0,35,65
"Coral Bay",2024,"6",2024-02-16,"PBL",0,0,0,0
"Coral Bay",2024,"6",2024-10-24,"Annual",100,0,100,0
"Coral Bay",2025,"1",2025-05-08,"PBL",0,0,0,0
"Coral Bay",2025,"2",2025-05-08,"PBL",0,0,0,0
"Coral Bay",2025,"3",2025-05-08,"PBL",34,0,34,66
"Coral Bay",2025,"4",2025-05-08,"PBL",3,0,3,97
"Coral Bay",2025,"5",2025-05-08,"PBL",0,0,0,0
"Coral Bay",2025,"6",2025-05-08,"PBL",0,0,0,0
"Eagle Ray",2022,"1",2022-10-20,"Annual",5,0,5,95
"Eagle Ray",2022,"2",2022-10-20,"Annual",5,0,5,95
"Eagle Ray",2022,"3",2022-10-20,"Annual",0,0,0,0
"Eagle Ray",2022,"4",2022-10-20,"Annual",2,0,2,98
"Eagle Ray",2022,"5",2022-10-20,"Annual",0,0,0,0
"Eagle Ray",2022,"6",2022-10-20,"Annual",0,0,0,0
"Eagle Ray",2023,"1",2023-11-11,"Annual",100,0,100,0
"Eagle Ray",2023,"2",2023-11-11,"Annual",100,0,100,0
"Eagle Ray",2023,"3",2023-11-11,"Annual",0,0,0,0
"Eagle Ray",2023,"4",2023-11-11,"Annual",0,0,0,0
"Eagle Ray",2023,"5",2023-11-11,"Annual",0,0,0,0
"Eagle Ray",2023,"6",2023-11-11,"Annual",0,0,0,0
"Eagle Ray",2024,"1",2024-03-13,"PBL",0,0,0,0
"Eagle Ray",2024,"1",2024-11-14,"Annual",0,0,0,0
"Eagle Ray",2024,"2",2024-03-13,"PBL",0,0,0,0
"Eagle Ray",2024,"2",2024-11-14,"Annual",0,0,0,0
"Eagle Ray",2024,"3",2024-03-13,"PBL",0,0,0,0
"Eagle Ray",2024,"3",2024-11-14,"Annual",100,0,100,0
"Eagle Ray",2024,"4",2024-03-13,"PBL",0,0,0,0
"Eagle Ray",2024,"4",2024-11-14,"Annual",0,0,0,0
"Eagle Ray",2024,"5",2024-03-13,"PBL",100,0,100,0
"Eagle Ray",2024,"5",2024-11-14,"Annual",100,0,100,0
"Eagle Ray",2024,"6",2024-03-13,"PBL",0,0,0,0
"Eagle Ray",2024,"6",2024-11-14,"Annual",0,0,0,0
"Eagle Ray",2025,"1",2025-04-12,"PBL",0,0,0,0
"Eagle Ray",2025,"2",2025-04-12,"PBL",0,0,0,0
"Eagle Ray",2025,"3",2025-04-12,"PBL",0,0,0,0
"Eagle Ray",2025,"4",2025-04-12,"PBL",0,0,0,0
"Eagle Ray",2025,"5",2025-04-12,"PBL",0,0,0,0
"Eagle Ray",2025,"6",2025-04-12,"PBL",0,0,0,0
"Fish Bay",2022,"1",2022-09-08,"Annual",0,0,0,0
"Fish Bay",2022,"2",2022-09-08,"Annual",0,0,0,0
"Fish Bay",2022,"3",2022-09-08,"Annual",0,0,0,0
"Fish Bay",2022,"4",2022-09-08,"Annual",0,0,0,0
"Fish Bay",2022,"5",2022-09-08,"Annual",0,0,0,0
"Fish Bay",2022,"6",2022-09-08,"Annual",0,0,0,0
"Fish Bay",2023,"1",2023-10-13,"Annual",82.5,0,82.5,17.5
"Fish Bay",2023,"2",2023-10-13,"Annual",0,0,0,0
"Fish Bay",2023,"3",2023-10-13,"Annual",70,0,70,30
"Fish Bay",2023,"4",2023-10-13,"Annual",90,0,90,10
"Fish Bay",2023,"5",2023-10-13,"Annual",0,0,0,0
"Fish Bay",2023,"6",2023-10-13,"Annual",0,0,0,0
"Fish Bay",2024,"1",2024-02-16,"PBL",0,0,0,0
"Fish Bay",2024,"1",2024-10-24,"Annual",90,0,90,10
"Fish Bay",2024,"2",2024-02-16,"PBL",0,0,0,0
"Fish Bay",2024,"2",2024-10-24,"Annual",0,0,0,0
"Fish Bay",2024,"3",2024-02-16,"PBL",0,0,0,0
"Fish Bay",2024,"3",2024-10-24,"Annual",0,0,0,0
"Fish Bay",2024,"4",2024-02-16,"PBL",0,0,0,0
"Fish Bay",2024,"4",2024-10-24,"Annual",0,0,0,0
"Fish Bay",2024,"5",2024-02-16,"PBL",0,0,0,0
"Fish Bay",2024,"5",2024-10-24,"Annual",0,0,0,0
"Fish Bay",2024,"6",2024-02-16,"PBL",90,0,90,10
"Fish Bay",2024,"6",2024-10-24,"Annual",100,0,100,0
"Fish Bay",2025,"1",2025-05-08,"PBL",0,0,0,0
"Fish Bay",2025,"2",2025-05-08,"PBL",0,0,0,0
"Fish Bay",2025,"3",2025-05-08,"PBL",0,0,0,0
"Fish Bay",2025,"4",2025-05-08,"PBL",0,0,0,0
"Fish Bay",2025,"5",2025-05-08,"PBL",0,0,0,0
"Fish Bay",2025,"6",2025-05-08,"PBL",0,0,0,0
"Flat Cay",2022,"1",2022-10-10,"Annual",0,0,0,0
"Flat Cay",2022,"2",2022-10-10,"Annual",0,0,0,0
"Flat Cay",2022,"3",2022-10-10,"Annual",0,0,0,0
"Flat Cay",2022,"4",2022-10-10,"Annual",0,0,0,0
"Flat Cay",2022,"5",2022-10-10,"Annual",14,0,14,86
"Flat Cay",2022,"6",2022-10-10,"Annual",6.42857142857143,0,6.42857142857143,93.5714285714286
"Flat Cay",2023,"1",2023-10-17,"Annual",90,0,90,10
"Flat Cay",2023,"2",2023-10-17,"Annual",0,0,0,0
"Flat Cay",2023,"3",2023-10-17,"Annual",74.1363636363636,60,76.8636363636364,23.1363636363636
"Flat Cay",2023,"4",2023-10-17,"Annual",70.4285714285714,87.7777777777778,84.037037037037,15.962962962963
"Flat Cay",2023,"5",2023-10-17,"Annual",63.9655172413793,10,62.1666666666667,37.8333333333333
"Flat Cay",2023,"6",2023-10-17,"Annual",0,90,90,10
"Flat Cay",2024,"1",2024-02-15,"PBL",100,0,100,0
"Flat Cay",2024,"1",2024-10-22,"Annual",0,0,0,0
"Flat Cay",2024,"2",2024-02-15,"PBL",0,0,0,0
"Flat Cay",2024,"2",2024-10-22,"Annual",0,0,0,0
"Flat Cay",2024,"3",2024-02-15,"PBL",0,0,0,0
"Flat Cay",2024,"3",2024-10-22,"Annual",0,0,0,0
"Flat Cay",2024,"4",2024-02-15,"PBL",40,0,40,60
"Flat Cay",2024,"4",2024-10-22,"Annual",78.5,100,82.0833333333333,17.9166666666667
"Flat Cay",2024,"5",2024-02-15,"PBL",50,0,50,50
"Flat Cay",2024,"5",2024-10-22,"Annual",77.2972972972973,100,77.8947368421053,22.1052631578947
"Flat Cay",2024,"6",2024-02-15,"PBL",0,0,0,0
"Flat Cay",2024,"6",2024-10-22,"Annual",75.3658536585366,30,69.1836734693878,30.8163265306122
"Flat Cay",2025,"1",2025-03-27,"PBL",70,0,70,30
"Flat Cay",2025,"2",2025-03-27,"PBL",0,0,0,0
"Flat Cay",2025,"3",2025-03-27,"PBL",0,0,0,0
"Flat Cay",2025,"4",2025-03-27,"PBL",90,0,90,10
"Flat Cay",2025,"5",2025-03-27,"PBL",0,0,0,0
"Flat Cay",2025,"6",2025-03-27,"PBL",0,100,100,0
"Grammanik Tiger FSA",2022,"1",2022-12-07,"Annual",1,0,1,99
"Grammanik Tiger FSA",2022,"2",2022-12-07,"Annual",3.5,0,3.5,96.5
"Grammanik Tiger FSA",2022,"3",2022-12-07,"Annual",0,0,0,0
"Grammanik Tiger FSA",2022,"4",2022-12-07,"Annual",0,0,0,0
"Grammanik Tiger FSA",2022,"5",2022-12-07,"Annual",4,0,4,96
"Grammanik Tiger FSA",2022,"6",2022-12-07,"Annual",5.5,0,5.5,94.5
"Grammanik Tiger FSA",2023,"1",2023-12-05,"Annual",90,0,90,10
"Grammanik Tiger FSA",2023,"2",2023-12-05,"Annual",60,0,60,40
"Grammanik Tiger FSA",2023,"3",2023-12-05,"Annual",4,0,4,96
"Grammanik Tiger FSA",2023,"4",2023-12-05,"Annual",7,0,7,93
"Grammanik Tiger FSA",2023,"5",2023-12-05,"Annual",56.6666666666667,0,56.6666666666667,43.3333333333333
"Grammanik Tiger FSA",2023,"6",2023-12-05,"Annual",3,0,3,97
"Grammanik Tiger FSA",2024,"1",2024-04-08,"PBL",0,0,0,0
"Grammanik Tiger FSA",2024,"1",2024-11-22,"Annual",3,0,3,97
"Grammanik Tiger FSA",2024,"2",2024-04-08,"PBL",0,0,0,0
"Grammanik Tiger FSA",2024,"2",2024-11-22,"Annual",0,0,0,0
"Grammanik Tiger FSA",2024,"3",2024-04-08,"PBL",7.5,50,32.5,67.5
"Grammanik Tiger FSA",2024,"3",2024-11-22,"Annual",0,0,0,0
"Grammanik Tiger FSA",2024,"4",2024-04-08,"PBL",2,0,2,98
"Grammanik Tiger FSA",2024,"4",2024-11-22,"Annual",0,0,0,0
"Grammanik Tiger FSA",2024,"5",2024-04-08,"PBL",0,0,0,0
"Grammanik Tiger FSA",2024,"5",2024-11-22,"Annual",0,0,0,0
"Grammanik Tiger FSA",2024,"6",2024-04-08,"PBL",2,0,2,98
"Grammanik Tiger FSA",2024,"6",2024-11-22,"Annual",0,0,0,0
"Grammanik Tiger FSA",2025,"1",2025-04-08,"PBL",0,0,0,0
"Grammanik Tiger FSA",2025,"2",2025-04-08,"PBL",0,0,0,0
"Grammanik Tiger FSA",2025,"3",2025-04-08,"PBL",0,0,0,0
"Grammanik Tiger FSA",2025,"4",2025-04-08,"PBL",0,0,0,0
"Grammanik Tiger FSA",2025,"5",2025-04-08,"PBL",0,0,0,0
"Grammanik Tiger FSA",2025,"6",2025-04-08,"PBL",1.66666666666667,0,1.66666666666667,98.3333333333333
"Great Pond",2022,"1",2022-10-21,"Annual",15,0,15,85
"Great Pond",2022,"2",2022-10-21,"Annual",5,0,5,95
"Great Pond",2022,"3",2022-10-21,"Annual",0,0,0,0
"Great Pond",2022,"4",2022-10-21,"Annual",0,0,0,0
"Great Pond",2022,"5",2022-10-21,"Annual",0,0,0,0
"Great Pond",2022,"6",2022-10-21,"Annual",0,0,0,0
"Great Pond",2023,"1",2023-11-14,"Annual",2,0,2,98
"Great Pond",2023,"2",2023-11-14,"Annual",0,0,0,0
"Great Pond",2023,"3",2023-11-14,"Annual",0,0,0,0
"Great Pond",2023,"4",2023-11-14,"Annual",0,0,0,0
"Great Pond",2023,"5",2023-11-14,"Annual",65,100,82.5,17.5
"Great Pond",2023,"6",2023-11-14,"Annual",0,0,0,0
"Great Pond",2024,"1",2024-03-12,"PBL",0,0,0,0
"Great Pond",2024,"1",2024-11-13,"Annual",96,0,96,4
"Great Pond",2024,"2",2024-03-12,"PBL",0,0,0,0
"Great Pond",2024,"2",2024-11-13,"Annual",100,100,100,0
"Great Pond",2024,"3",2024-03-12,"PBL",0,0,0,0
"Great Pond",2024,"3",2024-11-13,"Annual",96.6666666666667,0,96.6666666666667,3.33333333333333
"Great Pond",2024,"4",2024-03-12,"PBL",0,0,0,0
"Great Pond",2024,"4",2024-11-13,"Annual",98.3333333333333,0,98.3333333333333,1.66666666666667
"Great Pond",2024,"5",2024-03-12,"PBL",0,0,0,0
"Great Pond",2024,"5",2024-11-13,"Annual",0,0,0,0
"Great Pond",2024,"6",2024-03-12,"PBL",0,0,0,0
"Great Pond",2024,"6",2024-11-13,"Annual",97.5,0,97.5,2.5
"Great Pond",2025,"1",2025-04-13,"PBL",0,0,0,0
"Great Pond",2025,"2",2025-04-13,"PBL",0,0,0,0
"Great Pond",2025,"3",2025-04-13,"PBL",0,0,0,0
"Great Pond",2025,"4",2025-04-13,"PBL",0,0,0,0
"Great Pond",2025,"5",2025-04-13,"PBL",0,0,0,0
"Great Pond",2025,"6",2025-04-13,"PBL",0,0,0,0
"Hind Bank East FSA",2022,"1",2022-11-08,"Annual",10,0,10,90
"Hind Bank East FSA",2022,"2",2022-11-08,"Annual",0,0,0,0
"Hind Bank East FSA",2022,"3",2022-11-08,"Annual",0,0,0,0
"Hind Bank East FSA",2022,"4",2022-11-08,"Annual",0,0,0,0
"Hind Bank East FSA",2022,"5",2022-11-08,"Annual",0,0,0,0
"Hind Bank East FSA",2022,"6",2022-11-08,"Annual",0,0,0,0
"Hind Bank East FSA",2023,"1",2023-12-06,"Annual",0,0,0,0
"Hind Bank East FSA",2023,"2",2023-12-06,"Annual",0,0,0,0
"Hind Bank East FSA",2023,"3",2023-12-06,"Annual",0,0,0,0
"Hind Bank East FSA",2023,"4",2023-12-06,"Annual",0,0,0,0
"Hind Bank East FSA",2023,"5",2023-12-06,"Annual",25,0,25,75
"Hind Bank East FSA",2023,"6",2023-12-06,"Annual",3.66666666666667,0,3.66666666666667,96.3333333333333
"Hind Bank East FSA",2024,"1",2024-05-14,"PBL",0,0,0,0
"Hind Bank East FSA",2024,"1",2024-11-21,"Annual",0,0,0,0
"Hind Bank East FSA",2024,"2",2024-05-14,"PBL",0,0,0,0
"Hind Bank East FSA",2024,"2",2024-11-21,"Annual",0,0,0,0
"Hind Bank East FSA",2024,"3",2024-05-14,"PBL",0,0,0,0
"Hind Bank East FSA",2024,"3",2024-11-21,"Annual",3,0,3,97
"Hind Bank East FSA",2024,"4",2024-05-14,"PBL",0,0,0,0
"Hind Bank East FSA",2024,"4",2024-11-21,"Annual",0,0,0,0
"Hind Bank East FSA",2024,"5",2024-05-14,"PBL",0,0,0,0
"Hind Bank East FSA",2024,"5",2024-11-21,"Annual",0,0,0,0
"Hind Bank East FSA",2024,"6",2024-11-21,"Annual",3,0,3,97
"Hind Bank East FSA",2025,"1",2025-03-28,"PBL",0,0,0,0
"Hind Bank East FSA",2025,"2",2025-03-28,"PBL",0,0,0,0
"Hind Bank East FSA",2025,"3",2025-03-28,"PBL",6,0,6,94
"Hind Bank East FSA",2025,"4",2025-03-28,"PBL",0,0,0,0
"Hind Bank East FSA",2025,"5",2025-03-28,"PBL",0,0,0,0
"Hind Bank East FSA",2025,"6",2025-03-28,"PBL",7,0,7,93
"Jacks Bay",2022,"1",2022-11-17,"Annual",5,0,5,95
"Jacks Bay",2022,"2",2022-11-17,"Annual",0,0,0,0
"Jacks Bay",2022,"3",2022-11-17,"Annual",0,0,0,0
"Jacks Bay",2022,"4",2022-11-17,"Annual",0,0,0,0
"Jacks Bay",2022,"5",2022-11-17,"Annual",0,0,0,0
"Jacks Bay",2022,"6",2022-11-17,"Annual",15,0,15,85
"Jacks Bay",2023,"1",2023-11-14,"Annual",0,0,0,0
"Jacks Bay",2023,"2",2023-11-14,"Annual",0,0,0,0
"Jacks Bay",2023,"3",2023-11-14,"Annual",0,0,0,0
"Jacks Bay",2023,"4",2023-11-14,"Annual",100,0,100,0
"Jacks Bay",2023,"5",2023-11-14,"Annual",0,30,30,70
"Jacks Bay",2023,"6",2023-11-14,"Annual",65,0,65,35
"Jacks Bay",2024,"1",2024-03-14,"PBL",0,0,0,0
"Jacks Bay",2024,"1",2024-11-13,"Annual",0,0,0,0
"Jacks Bay",2024,"2",2024-03-14,"PBL",0,0,0,0
"Jacks Bay",2024,"2",2024-11-13,"Annual",0,0,0,0
"Jacks Bay",2024,"3",2024-03-14,"PBL",0,0,0,0
"Jacks Bay",2024,"3",2024-11-13,"Annual",0,0,0,0
"Jacks Bay",2024,"4",2024-03-14,"PBL",0,0,0,0
"Jacks Bay",2024,"4",2024-11-13,"Annual",0,0,0,0
"Jacks Bay",2024,"5",2024-03-14,"PBL",0,0,0,0
"Jacks Bay",2024,"5",2024-11-13,"Annual",50,0,50,50
"Jacks Bay",2024,"6",2024-03-14,"PBL",0,0,0,0
"Jacks Bay",2024,"6",2024-11-13,"Annual",75,0,75,25
"Jacks Bay",2025,"1",2025-04-15,"PBL",0,100,100,0
"Jacks Bay",2025,"2",2025-04-15,"PBL",5,0,5,95
"Jacks Bay",2025,"3",2025-04-15,"PBL",0,0,0,0
"Jacks Bay",2025,"4",2025-04-15,"PBL",0,20,20,80
"Jacks Bay",2025,"5",2025-04-15,"PBL",0,0,0,0
"Jacks Bay",2025,"6",2025-04-15,"PBL",0,0,0,0
"Kings Corner",2022,"1",2022-10-22,"Annual",5,0,5,95
"Kings Corner",2022,"2",2022-10-22,"Annual",5,0,5,95
"Kings Corner",2022,"3",2022-10-22,"Annual",0,0,0,0
"Kings Corner",2022,"4",2022-10-22,"Annual",15,0,15,85
"Kings Corner",2022,"5",2022-10-22,"Annual",0,0,0,0
"Kings Corner",2022,"6",2022-10-22,"Annual",0,0,0,0
"Kings Corner",2023,"1",2023-11-15,"Annual",0,0,0,0
"Kings Corner",2023,"2",2023-11-15,"Annual",5,0,5,95
"Kings Corner",2023,"3",2023-11-15,"Annual",0,0,0,0
"Kings Corner",2023,"4",2023-11-15,"Annual",0,0,0,0
"Kings Corner",2023,"5",2023-11-15,"Annual",85,0,85,15
"Kings Corner",2023,"6",2023-11-15,"Annual",0,0,0,0
"Kings Corner",2024,"1",2024-03-15,"PBL",0,0,0,0
"Kings Corner",2024,"1",2024-11-15,"Annual",0,0,0,0
"Kings Corner",2024,"2",2024-03-15,"PBL",0,0,0,0
"Kings Corner",2024,"2",2024-11-15,"Annual",0,0,0,0
"Kings Corner",2024,"3",2024-03-15,"PBL",0,0,0,0
"Kings Corner",2024,"3",2024-11-15,"Annual",0,0,0,0
"Kings Corner",2024,"4",2024-03-15,"PBL",0,0,0,0
"Kings Corner",2024,"4",2024-11-15,"Annual",100,0,100,0
"Kings Corner",2024,"5",2024-03-15,"PBL",0,0,0,0
"Kings Corner",2024,"5",2024-11-15,"Annual",95,0,95,5
"Kings Corner",2024,"6",2024-03-15,"PBL",0,0,0,0
"Kings Corner",2024,"6",2024-11-15,"Annual",0,0,0,0
"Kings Corner",2025,"1",2025-04-14,"PBL",0,0,0,0
"Kings Corner",2025,"2",2025-04-14,"PBL",0,0,0,0
"Kings Corner",2025,"3",2025-04-14,"PBL",0,0,0,0
"Kings Corner",2025,"4",2025-04-14,"PBL",0,0,0,0
"Kings Corner",2025,"5",2025-04-14,"PBL",0,0,0,0
"Kings Corner",2025,"6",2025-04-14,"PBL",0,0,0,0
"Lang Bank EEMP",2022,"1",2022-10-21,"Annual",0,0,0,0
"Lang Bank EEMP",2022,"2",2022-10-21,"Annual",3,0,3,97
"Lang Bank EEMP",2022,"3",2022-10-21,"Annual",0,0,0,0
"Lang Bank EEMP",2022,"4",2022-10-21,"Annual",0,0,0,0
"Lang Bank EEMP",2022,"5",2022-10-21,"Annual",0,0,0,0
"Lang Bank EEMP",2022,"6",2022-10-21,"Annual",0,0,0,0
"Lang Bank EEMP",2023,"1",2023-11-14,"Annual",100,0,100,0
"Lang Bank EEMP",2023,"2",2023-11-14,"Annual",0,0,0,0
"Lang Bank EEMP",2023,"3",2023-11-14,"Annual",80,0,80,20
"Lang Bank EEMP",2023,"4",2023-11-14,"Annual",0,0,0,0
"Lang Bank EEMP",2023,"5",2023-11-14,"Annual",100,0,100,0
"Lang Bank EEMP",2023,"6",2023-11-14,"Annual",100,0,100,0
"Lang Bank EEMP",2024,"1",2024-03-16,"PBL",0,0,0,0
"Lang Bank EEMP",2024,"1",2024-11-13,"Annual",0,0,0,0
"Lang Bank EEMP",2024,"2",2024-03-16,"PBL",0,0,0,0
"Lang Bank EEMP",2024,"2",2024-11-13,"Annual",100,0,100,0
"Lang Bank EEMP",2024,"3",2024-03-16,"PBL",0,20,20,80
"Lang Bank EEMP",2024,"3",2024-11-13,"Annual",0,0,0,0
"Lang Bank EEMP",2024,"4",2024-03-16,"PBL",0,0,0,0
"Lang Bank EEMP",2024,"4",2024-11-13,"Annual",0,0,0,0
"Lang Bank EEMP",2024,"5",2024-03-16,"PBL",0,0,0,0
"Lang Bank EEMP",2024,"5",2024-11-13,"Annual",0,0,0,0
"Lang Bank EEMP",2024,"6",2024-03-16,"PBL",40,0,40,60
"Lang Bank EEMP",2024,"6",2024-11-13,"Annual",100,0,100,0
"Lang Bank EEMP",2025,"1",2025-04-15,"PBL",0,0,0,0
"Lang Bank EEMP",2025,"2",2025-04-15,"PBL",40,60,100,0
"Lang Bank EEMP",2025,"3",2025-04-15,"PBL",0,0,0,0
"Lang Bank EEMP",2025,"4",2025-04-15,"PBL",0,0,0,0
"Lang Bank EEMP",2025,"5",2025-04-15,"PBL",0,0,0,0
"Lang Bank EEMP",2025,"6",2025-04-15,"PBL",5,0,5,95
"Lang Bank Red Hind FSA",2022,"1",2022-11-17,"Annual",5,0,5,95
"Lang Bank Red Hind FSA",2022,"2",2022-11-17,"Annual",0,0,0,0
"Lang Bank Red Hind FSA",2022,"3",2022-11-17,"Annual",1,1,1,99
"Lang Bank Red Hind FSA",2022,"4",2022-11-17,"Annual",5.33333333333333,0,5.33333333333333,94.6666666666667
"Lang Bank Red Hind FSA",2022,"5",2022-11-17,"Annual",20,0,20,80
"Lang Bank Red Hind FSA",2022,"6",2022-11-17,"Annual",2,0,2,98
"Lang Bank Red Hind FSA",2023,"1",2023-11-13,"Annual",0,0,0,0
"Lang Bank Red Hind FSA",2023,"2",2023-11-13,"Annual",5,0,5,95
"Lang Bank Red Hind FSA",2023,"3",2023-11-13,"Annual",0,0,0,0
"Lang Bank Red Hind FSA",2023,"4",2023-11-13,"Annual",0,0,0,0
"Lang Bank Red Hind FSA",2023,"5",2023-11-13,"Annual",0,0,0,0
"Lang Bank Red Hind FSA",2023,"6",2023-11-13,"Annual",100,0,100,0
"Lang Bank Red Hind FSA",2024,"1",2024-03-12,"PBL",0,0,0,0
"Lang Bank Red Hind FSA",2024,"1",2024-11-16,"Annual",0,0,0,0
"Lang Bank Red Hind FSA",2024,"2",2024-03-12,"PBL",0,0,0,0
"Lang Bank Red Hind FSA",2024,"2",2024-11-16,"Annual",0,0,0,0
"Lang Bank Red Hind FSA",2024,"3",2024-03-12,"PBL",0,0,0,0
"Lang Bank Red Hind FSA",2024,"3",2024-11-16,"Annual",0,0,0,0
"Lang Bank Red Hind FSA",2024,"4",2024-03-12,"PBL",0,0,0,0
"Lang Bank Red Hind FSA",2024,"4",2024-11-16,"Annual",0,0,0,0
"Lang Bank Red Hind FSA",2024,"5",2024-03-12,"PBL",0,0,0,0
"Lang Bank Red Hind FSA",2024,"5",2024-11-16,"Annual",0,0,0,0
"Lang Bank Red Hind FSA",2024,"6",2024-03-12,"PBL",25,0,25,75
"Lang Bank Red Hind FSA",2024,"6",2024-11-16,"Annual",0,0,0,0
"Lang Bank Red Hind FSA",2025,"1",2025-04-13,"PBL",0,0,0,0
"Lang Bank Red Hind FSA",2025,"2",2025-04-13,"PBL",0,0,0,0
"Lang Bank Red Hind FSA",2025,"3",2025-04-13,"PBL",0,0,0,0
"Lang Bank Red Hind FSA",2025,"4",2025-04-13,"PBL",0,0,0,0
"Lang Bank Red Hind FSA",2025,"5",2025-04-13,"PBL",0,0,0,0
"Lang Bank Red Hind FSA",2025,"6",2025-04-13,"PBL",0,0,0,0
"Magens Bay",2022,"1",2022-10-03,"Annual",0,0,0,0
"Magens Bay",2022,"2",2022-10-03,"Annual",2,0,2,98
"Magens Bay",2022,"3",2022-10-03,"Annual",0,0,0,0
"Magens Bay",2022,"4",2022-10-03,"Annual",8,0,8,92
"Magens Bay",2022,"5",2022-10-03,"Annual",0,0,0,0
"Magens Bay",2022,"6",2022-10-03,"Annual",0,0,0,0
"Magens Bay",2023,"1",2023-10-12,"Annual",0,0,0,0
"Magens Bay",2023,"2",2023-10-12,"Annual",48.6,80,64.6,35.4
"Magens Bay",2023,"3",2023-10-12,"Annual",100,0,100,0
"Magens Bay",2023,"4",2023-10-12,"Annual",0,0,0,0
"Magens Bay",2023,"5",2023-10-12,"Annual",0,0,0,0
"Magens Bay",2023,"6",2023-10-12,"Annual",50,0,50,50
"Magens Bay",2024,"1",2024-04-17,"PBL",0,0,0,0
"Magens Bay",2024,"1",2024-10-22,"Annual",0,95,95,5
"Magens Bay",2024,"2",2024-04-17,"PBL",0,0,0,0
"Magens Bay",2024,"2",2024-10-22,"Annual",0,0,0,0
"Magens Bay",2024,"3",2024-04-17,"PBL",0,0,0,0
"Magens Bay",2024,"3",2024-10-22,"Annual",85.8333333333333,20,87.5,12.5
"Magens Bay",2024,"4",2024-04-17,"PBL",0,0,0,0
"Magens Bay",2024,"4",2024-10-22,"Annual",79.7647058823529,45,81.3,18.7
"Magens Bay",2024,"5",2024-04-17,"PBL",0,0,0,0
"Magens Bay",2024,"5",2024-10-22,"Annual",0,0,0,0
"Magens Bay",2024,"6",2024-04-17,"PBL",0,0,0,0
"Magens Bay",2024,"6",2024-10-22,"Annual",0,100,100,0
"Magens Bay",2025,"1",2025-03-19,"PBL",0,0,0,0
"Magens Bay",2025,"2",2025-03-19,"PBL",0,0,0,0
"Magens Bay",2025,"3",2025-03-19,"PBL",0,0,0,0
"Magens Bay",2025,"4",2025-03-19,"PBL",49.25,0,49.25,50.75
"Magens Bay",2025,"5",2025-03-19,"PBL",0,0,0,0
"Magens Bay",2025,"6",2025-03-19,"PBL",0,0,0,0
"Meri Shoal",2022,"1",2022-11-30,"Annual",0,0,0,0
"Meri Shoal",2022,"2",2022-11-30,"Annual",6.66666666666667,0,6.66666666666667,93.3333333333333
"Meri Shoal",2022,"3",2022-11-30,"Annual",3,0,3,97
"Meri Shoal",2022,"4",2022-11-30,"Annual",3,0,3,97
"Meri Shoal",2022,"5",2022-11-30,"Annual",2.33333333333333,0,2.33333333333333,97.6666666666667
"Meri Shoal",2022,"6",2022-11-30,"Annual",0,0,0,0
"Meri Shoal",2023,"1",2023-12-07,"Annual",0,0,0,0
"Meri Shoal",2023,"2",2023-12-07,"Annual",0,0,0,0
"Meri Shoal",2023,"3",2023-12-07,"Annual",0,0,0,0
"Meri Shoal",2023,"4",2023-12-07,"Annual",77.5,0,77.5,22.5
"Meri Shoal",2023,"5",2023-12-07,"Annual",0,0,0,0
"Meri Shoal",2023,"6",2023-12-07,"Annual",82.5,0,82.5,17.5
"Meri Shoal",2024,"1",2024-04-22,"PBL",0,0,0,0
"Meri Shoal",2024,"1",2024-11-22,"Annual",0,30,30,70
"Meri Shoal",2024,"2",2024-04-22,"PBL",0,0,0,0
"Meri Shoal",2024,"2",2024-11-22,"Annual",0,0,0,0
"Meri Shoal",2024,"3",2024-04-22,"PBL",0,0,0,0
"Meri Shoal",2024,"3",2024-11-22,"Annual",0,0,0,0
"Meri Shoal",2024,"4",2024-04-22,"PBL",0,0,0,0
"Meri Shoal",2024,"4",2024-11-22,"Annual",0,30,30,70
"Meri Shoal",2024,"5",2024-04-22,"PBL",0,0,0,0
"Meri Shoal",2024,"5",2024-11-22,"Annual",0,0,0,0
"Meri Shoal",2024,"6",2024-04-22,"PBL",0,0,0,0
"Meri Shoal",2024,"6",2024-11-22,"Annual",0,0,0,0
"Meri Shoal",2025,"1",2025-03-21,"PBL",0,0,0,0
"Meri Shoal",2025,"2",2025-03-21,"PBL",0,0,0,0
"Meri Shoal",2025,"3",2025-03-21,"PBL",0,25,25,75
"Meri Shoal",2025,"4",2025-03-21,"PBL",0,0,0,0
"Meri Shoal",2025,"5",2025-03-21,"PBL",0,0,0,0
"Meri Shoal",2025,"6",2025-03-21,"PBL",10,10,10,90
"Mutton Snapper FSA",2022,"1",2022-10-22,"Annual",0,0,0,0
"Mutton Snapper FSA",2022,"2",2022-10-22,"Annual",0,0,0,0
"Mutton Snapper FSA",2022,"3",2022-10-22,"Annual",0,0,0,0
"Mutton Snapper FSA",2022,"4",2022-10-22,"Annual",0,0,0,0
"Mutton Snapper FSA",2022,"5",2022-10-22,"Annual",0,0,0,0
"Mutton Snapper FSA",2022,"6",2022-10-22,"Annual",0,0,0,0
"Mutton Snapper FSA",2023,"1",2023-11-10,"Annual",0,0,0,0
"Mutton Snapper FSA",2023,"2",2023-11-10,"Annual",0,0,0,0
"Mutton Snapper FSA",2023,"3",2023-11-10,"Annual",0,0,0,0
"Mutton Snapper FSA",2023,"4",2023-11-10,"Annual",0,0,0,0
"Mutton Snapper FSA",2023,"5",2023-11-10,"Annual",0,0,0,0
"Mutton Snapper FSA",2023,"6",2023-11-10,"Annual",0,0,0,0
"Mutton Snapper FSA",2024,"1",2024-03-15,"PBL",0,0,0,0
"Mutton Snapper FSA",2024,"1",2024-11-15,"Annual",0,0,0,0
"Mutton Snapper FSA",2024,"2",2024-03-15,"PBL",0,0,0,0
"Mutton Snapper FSA",2024,"2",2024-11-15,"Annual",0,0,0,0
"Mutton Snapper FSA",2024,"3",2024-03-15,"PBL",0,0,0,0
"Mutton Snapper FSA",2024,"3",2024-11-15,"Annual",0,0,0,0
"Mutton Snapper FSA",2024,"4",2024-03-15,"PBL",0,0,0,0
"Mutton Snapper FSA",2024,"4",2024-11-15,"Annual",0,0,0,0
"Mutton Snapper FSA",2024,"5",2024-03-15,"PBL",0,0,0,0
"Mutton Snapper FSA",2024,"5",2024-11-15,"Annual",0,0,0,0
"Mutton Snapper FSA",2024,"6",2024-03-15,"PBL",0,0,0,0
"Mutton Snapper FSA",2024,"6",2024-11-15,"Annual",100,0,100,0
"Mutton Snapper FSA",2025,"1",2025-04-14,"PBL",0,0,0,0
"Mutton Snapper FSA",2025,"2",2025-04-14,"PBL",0,0,0,0
"Mutton Snapper FSA",2025,"4",2025-04-14,"PBL",0,0,0,0
"Mutton Snapper FSA",2025,"5",2025-04-14,"PBL",0,0,0,0
"Mutton Snapper FSA",2025,"6",2025-04-14,"PBL",0,0,0,0
"Salt River Deep",2022,"1",2022-10-20,"Annual",0,0,0,0
"Salt River Deep",2022,"2",2022-10-20,"Annual",0,0,0,0
"Salt River Deep",2022,"3",2022-10-20,"Annual",0,0,0,0
"Salt River Deep",2022,"4",2022-10-20,"Annual",0,0,0,0
"Salt River Deep",2022,"5",2022-10-20,"Annual",2,0,2,98
"Salt River Deep",2022,"6",2022-10-20,"Annual",7,0,7,93
"Salt River Deep",2023,"1",2023-11-11,"Annual",0,0,0,0
"Salt River Deep",2023,"2",2023-11-11,"Annual",0,0,0,0
"Salt River Deep",2023,"3",2023-11-11,"Annual",90,0,90,10
"Salt River Deep",2023,"4",2023-11-11,"Annual",0,0,0,0
"Salt River Deep",2023,"5",2023-11-11,"Annual",0,0,0,0
"Salt River Deep",2023,"6",2023-11-11,"Annual",0,0,0,0
"Salt River Deep",2024,"1",2024-03-14,"PBL",0,0,0,0
"Salt River Deep",2024,"2",2024-03-14,"PBL",0,0,0,0
"Salt River Deep",2024,"2",2024-11-14,"Annual",0,0,0,0
"Salt River Deep",2024,"3",2024-03-14,"PBL",0,0,0,0
"Salt River Deep",2024,"3",2024-11-14,"Annual",0,0,0,0
"Salt River Deep",2024,"4",2024-03-14,"PBL",0,0,0,0
"Salt River Deep",2024,"4",2024-11-14,"Annual",0,0,0,0
"Salt River Deep",2024,"5",2024-03-14,"PBL",0,0,0,0
"Salt River Deep",2024,"5",2024-11-14,"Annual",65,0,65,35
"Salt River Deep",2024,"6",2024-03-14,"PBL",0,0,0,0
"Salt River Deep",2024,"6",2024-11-14,"Annual",0,0,0,0
"Salt River Deep",2025,"1",2025-04-12,"PBL",0,0,0,0
"Salt River Deep",2025,"2",2025-04-12,"PBL",0,0,0,0
"Salt River Deep",2025,"3",2025-04-12,"PBL",0,0,0,0
"Salt River Deep",2025,"4",2025-04-12,"PBL",0,0,0,0
"Salt River Deep",2025,"5",2025-04-12,"PBL",0,0,0,0
"Salt River Deep",2025,"6",2025-04-12,"PBL",7.33333333333333,25,24,76
"Salt River West",2022,"1",2022-10-20,"Annual",0,0,0,0
"Salt River West",2022,"2",2022-10-20,"Annual",5,0,5,95
"Salt River West",2022,"3",2022-10-20,"Annual",0,0,0,0
"Salt River West",2022,"4",2022-10-20,"Annual",0,0,0,0
"Salt River West",2022,"5",2022-10-20,"Annual",15,0,15,85
"Salt River West",2022,"6",2022-10-20,"Annual",0,0,0,0
"Salt River West",2023,"1",2023-11-11,"Annual",0,0,0,0
"Salt River West",2023,"2",2023-11-11,"Annual",0,0,0,0
"Salt River West",2023,"3",2023-11-11,"Annual",0,0,0,0
"Salt River West",2023,"4",2023-11-11,"Annual",85,0,85,15
"Salt River West",2023,"5",2023-11-11,"Annual",93,0,93,7
"Salt River West",2023,"6",2023-11-11,"Annual",50,0,50,50
"Salt River West",2024,"1",2024-03-14,"PBL",0,0,0,0
"Salt River West",2024,"1",2024-11-14,"Annual",0,0,0,0
"Salt River West",2024,"2",2024-03-14,"PBL",0,0,0,0
"Salt River West",2024,"2",2024-11-14,"Annual",0,0,0,0
"Salt River West",2024,"3",2024-03-14,"PBL",0,0,0,0
"Salt River West",2024,"3",2024-11-14,"Annual",85,0,85,15
"Salt River West",2024,"4",2024-03-14,"PBL",0,0,0,0
"Salt River West",2024,"4",2024-11-14,"Annual",0,0,0,0
"Salt River West",2024,"5",2024-03-14,"PBL",0,0,0,0
"Salt River West",2024,"5",2024-11-14,"Annual",100,0,100,0
"Salt River West",2024,"6",2024-03-14,"PBL",0,0,0,0
"Salt River West",2024,"6",2024-11-14,"Annual",100,0,100,0
"Salt River West",2025,"1",2025-04-12,"PBL",0,0,0,0
"Salt River West",2025,"2",2025-04-12,"PBL",0,0,0,0
"Salt River West",2025,"3",2025-04-12,"PBL",0,0,0,0
"Salt River West",2025,"4",2025-04-12,"PBL",0,0,0,0
"Salt River West",2025,"5",2025-04-12,"PBL",0,0,0,0
"Salt River West",2025,"6",2025-04-12,"PBL",0,0,0,0
"Savana",2022,"1",2022-10-03,"Annual",0,0,0,0
"Savana",2022,"2",2022-10-03,"Annual",0,0,0,0
"Savana",2022,"3",2022-10-03,"Annual",5,0,5,95
"Savana",2022,"4",2022-10-03,"Annual",2,0,2,98
"Savana",2022,"5",2022-10-03,"Annual",0,0,0,0
"Savana",2022,"6",2022-10-03,"Annual",0,0,0,0
"Savana",2023,"1",2023-10-30,"Annual",38.3333333333333,0,38.3333333333333,61.6666666666667
"Savana",2023,"2",2023-10-30,"Annual",0,0,0,0
"Savana",2023,"3",2023-10-30,"Annual",100,0,100,0
"Savana",2023,"4",2023-10-30,"Annual",0,0,0,0
"Savana",2023,"5",2023-10-30,"Annual",0,0,0,0
"Savana",2023,"6",2023-10-30,"Annual",0,0,0,0
"Savana",2024,"1",2024-04-11,"PBL",0,0,0,0
"Savana",2024,"1",2024-10-17,"Annual",0,100,100,0
"Savana",2024,"2",2024-04-11,"PBL",0,0,0,0
"Savana",2024,"2",2024-10-17,"Annual",55.3125,0,55.3125,44.6875
"Savana",2024,"3",2024-04-11,"PBL",0,0,0,0
"Savana",2024,"3",2024-10-17,"Annual",66.7647058823529,75,71.1764705882353,28.8235294117647
"Savana",2024,"4",2024-04-11,"PBL",0,0,0,0
"Savana",2024,"4",2024-10-17,"Annual",0,0,0,0
"Savana",2024,"5",2024-04-11,"PBL",0,0,0,0
"Savana",2024,"5",2024-10-17,"Annual",10,0,10,90
"Savana",2024,"6",2024-04-11,"PBL",6,0,6,94
"Savana",2024,"6",2024-10-17,"Annual",17.5,0,17.5,82.5
"Savana",2025,"1",2025-03-19,"PBL",0,0,0,0
"Savana",2025,"2",2025-03-19,"PBL",0,0,0,0
"Savana",2025,"3",2025-03-19,"PBL",0,0,0,0
"Savana",2025,"4",2025-03-19,"PBL",0,0,0,0
"Savana",2025,"5",2025-03-19,"PBL",0,0,0,0
"Savana",2025,"6",2025-03-19,"PBL",0,0,0,0
"Seahorse Cottage Shoal",2022,"1",2022-10-04,"Annual",0,0,0,0
"Seahorse Cottage Shoal",2022,"2",2022-10-04,"Annual",0,0,0,0
"Seahorse Cottage Shoal",2022,"3",2022-10-04,"Annual",0,0,0,0
"Seahorse Cottage Shoal",2022,"4",2022-10-04,"Annual",10,0,10,90
"Seahorse Cottage Shoal",2022,"5",2022-10-04,"Annual",0,0,0,0
"Seahorse Cottage Shoal",2022,"6",2022-10-04,"Annual",0,0,0,0
"Seahorse Cottage Shoal",2023,"1",2023-10-30,"Annual",0,0,0,0
"Seahorse Cottage Shoal",2023,"2",2023-10-30,"Annual",0,0,0,0
"Seahorse Cottage Shoal",2023,"3",2023-10-30,"Annual",100,0,100,0
"Seahorse Cottage Shoal",2023,"4",2023-10-30,"Annual",72,76.6666666666667,79.1666666666667,20.8333333333333
"Seahorse Cottage Shoal",2023,"5",2023-10-30,"Annual",76.8214285714286,100,77.6206896551724,22.3793103448276
"Seahorse Cottage Shoal",2023,"6",2023-10-30,"Annual",73.3870967741936,80,73.7878787878788,26.2121212121212
"Seahorse Cottage Shoal",2024,"1",2024-03-07,"PBL",0,0,0,0
"Seahorse Cottage Shoal",2024,"1",2024-10-29,"Annual",0,0,0,0
"Seahorse Cottage Shoal",2024,"2",2024-03-07,"PBL",0,0,0,0
"Seahorse Cottage Shoal",2024,"2",2024-10-29,"Annual",0,0,0,0
"Seahorse Cottage Shoal",2024,"3",2024-03-07,"PBL",0,0,0,0
"Seahorse Cottage Shoal",2024,"3",2024-10-29,"Annual",0,100,100,0
"Seahorse Cottage Shoal",2024,"4",2024-03-07,"PBL",0,0,0,0
"Seahorse Cottage Shoal",2024,"4",2024-10-29,"Annual",72.1428571428571,50,69.375,30.625
"Seahorse Cottage Shoal",2024,"5",2024-03-07,"PBL",0,0,0,0
"Seahorse Cottage Shoal",2024,"5",2024-10-29,"Annual",0,0,0,0
"Seahorse Cottage Shoal",2024,"6",2024-03-07,"PBL",0,0,0,0
"Seahorse Cottage Shoal",2024,"6",2024-10-29,"Annual",72.7380952380952,0,72.7380952380952,27.2619047619048
"Seahorse Cottage Shoal",2025,"1",2025-03-20,"PBL",0,0,0,0
"Seahorse Cottage Shoal",2025,"2",2025-03-20,"PBL",0,0,0,0
"Seahorse Cottage Shoal",2025,"3",2025-03-20,"PBL",0,0,0,0
"Seahorse Cottage Shoal",2025,"4",2025-03-20,"PBL",0,15,15,85
"Seahorse Cottage Shoal",2025,"5",2025-03-20,"PBL",0,0,0,0
"Seahorse Cottage Shoal",2025,"6",2025-03-20,"PBL",0,0,0,0
"South Capella",2022,"1",2022-11-30,"Annual",0,0,0,0
"South Capella",2022,"2",2022-11-30,"Annual",0,0,0,0
"South Capella",2022,"3",2022-11-30,"Annual",0,0,0,0
"South Capella",2022,"4",2022-11-30,"Annual",2,0,2,98
"South Capella",2022,"5",2022-11-30,"Annual",0,0,0,0
"South Capella",2022,"6",2022-11-30,"Annual",0,0,0,0
"South Capella",2023,"1",2023-10-23,"Annual",0,0,0,0
"South Capella",2023,"2",2023-10-23,"Annual",0,0,0,0
"South Capella",2023,"3",2023-10-23,"Annual",90,0,90,10
"South Capella",2023,"4",2023-10-23,"Annual",0,0,0,0
"South Capella",2023,"5",2023-10-23,"Annual",0,0,0,0
"South Capella",2023,"6",2023-10-23,"Annual",0,0,0,0
"South Capella",2024,"1",2024-04-22,"PBL",0,0,0,0
"South Capella",2024,"1",2024-10-25,"Annual",0,0,0,0
"South Capella",2024,"2",2024-04-22,"PBL",20,10,30,70
"South Capella",2024,"2",2024-10-25,"Annual",0,0,0,0
"South Capella",2024,"3",2024-04-22,"PBL",0,0,0,0
"South Capella",2024,"3",2024-10-25,"Annual",0,0,0,0
"South Capella",2024,"4",2024-04-22,"PBL",0,0,0,0
"South Capella",2024,"4",2024-10-25,"Annual",0,0,0,0
"South Capella",2024,"5",2024-04-22,"PBL",0,0,0,0
"South Capella",2024,"5",2024-10-25,"Annual",0,20,20,80
"South Capella",2024,"6",2024-04-22,"PBL",0,0,0,0
"South Capella",2024,"6",2024-10-25,"Annual",0,0,0,0
"South Capella",2025,"1",2025-03-27,"PBL",0,0,0,0
"South Capella",2025,"2",2025-03-27,"PBL",0,0,0,0
"South Capella",2025,"3",2025-03-27,"PBL",0,0,0,0
"South Capella",2025,"4",2025-03-27,"PBL",0,0,0,0
"South Capella",2025,"5",2025-03-27,"PBL",0,15,15,85
"South Capella",2025,"6",2025-03-27,"PBL",0,0,0,0
"South Water",2022,"1",2022-12-07,"Annual",0,0,0,0
"South Water",2022,"2",2022-12-07,"Annual",0,0,0,0
"South Water",2022,"3",2022-12-07,"Annual",0,0,0,0
"South Water",2022,"4",2022-12-07,"Annual",0,0,0,0
"South Water",2022,"5",2022-12-07,"Annual",0,0,0,0
"South Water",2022,"6",2022-12-07,"Annual",0,0,0,0
"South Water",2023,"1",2023-10-23,"Annual",10,0,10,90
"South Water",2023,"2",2023-10-23,"Annual",0,0,0,0
"South Water",2023,"3",2023-10-23,"Annual",0,0,0,0
"South Water",2023,"4",2023-10-23,"Annual",0,0,0,0
"South Water",2023,"5",2023-10-23,"Annual",0,0,0,0
"South Water",2023,"6",2023-10-23,"Annual",0,0,0,0
"South Water",2024,"1",2024-04-26,"PBL",0,0,0,0
"South Water",2024,"1",2024-10-25,"Annual",0,0,0,0
"South Water",2024,"2",2024-04-26,"PBL",0,0,0,0
"South Water",2024,"2",2024-10-25,"Annual",0,0,0,0
"South Water",2024,"3",2024-04-26,"PBL",0,0,0,0
"South Water",2024,"3",2024-10-25,"Annual",55,0,55,45
"South Water",2024,"4",2024-04-26,"PBL",0,0,0,0
"South Water",2024,"4",2024-10-25,"Annual",0,0,0,0
"South Water",2024,"5",2024-04-26,"PBL",0,0,0,0
"South Water",2024,"5",2024-10-25,"Annual",0,0,0,0
"South Water",2024,"6",2024-04-26,"PBL",0,0,0,0
"South Water",2024,"6",2024-10-25,"Annual",42.875,20,40.3333333333333,59.6666666666667
"South Water",2025,"1",2025-03-28,"PBL",0,0,0,0
"South Water",2025,"2",2025-03-28,"PBL",0,0,0,0
"South Water",2025,"3",2025-03-28,"PBL",0,0,0,0
"South Water",2025,"4",2025-03-28,"PBL",2,0,2,98
"South Water",2025,"5",2025-03-28,"PBL",0,0,0,0
"South Water",2025,"6",2025-03-28,"PBL",0,0,0,0
"Sprat Hole",2022,"1",2022-10-22,"Annual",0,0,0,0
"Sprat Hole",2022,"2",2022-10-22,"Annual",2,0,2,98
"Sprat Hole",2022,"3",2022-10-22,"Annual",0,0,0,0
"Sprat Hole",2022,"4",2022-10-22,"Annual",0,0,0,0
"Sprat Hole",2022,"5",2022-10-22,"Annual",11,0,11,89
"Sprat Hole",2022,"6",2022-10-22,"Annual",8,0,8,92
"Sprat Hole",2023,"1",2023-11-12,"Annual",0,0,0,0
"Sprat Hole",2023,"2",2023-11-12,"Annual",0,0,0,0
"Sprat Hole",2023,"3",2023-11-12,"Annual",100,0,100,0
"Sprat Hole",2023,"4",2023-11-12,"Annual",0,0,0,0
"Sprat Hole",2023,"5",2023-11-12,"Annual",100,0,100,0
"Sprat Hole",2023,"6",2023-11-12,"Annual",0,0,0,0
"Sprat Hole",2024,"1",2024-03-15,"PBL",0,80,80,20
"Sprat Hole",2024,"1",2024-11-14,"Annual",0,0,0,0
"Sprat Hole",2024,"2",2024-03-15,"PBL",0,0,0,0
"Sprat Hole",2024,"2",2024-11-14,"Annual",0,100,100,0
"Sprat Hole",2024,"3",2024-03-15,"PBL",0,0,0,0
"Sprat Hole",2024,"3",2024-11-14,"Annual",0,0,0,0
"Sprat Hole",2024,"4",2024-03-15,"PBL",0,0,0,0
"Sprat Hole",2024,"4",2024-11-14,"Annual",95,0,95,5
"Sprat Hole",2024,"5",2024-03-15,"PBL",0,0,0,0
"Sprat Hole",2024,"5",2024-11-14,"Annual",100,0,100,0
"Sprat Hole",2024,"6",2024-03-15,"PBL",0,0,0,0
"Sprat Hole",2024,"6",2024-11-14,"Annual",90,0,90,10
"Sprat Hole",2025,"1",2025-04-14,"PBL",0,0,0,0
"Sprat Hole",2025,"2",2025-04-14,"PBL",0,0,0,0
"Sprat Hole",2025,"3",2025-04-14,"PBL",0,0,0,0
"Sprat Hole",2025,"4",2025-04-14,"PBL",0,0,0,0
"Sprat Hole",2025,"5",2025-04-14,"PBL",0,0,0,0
"Sprat Hole",2025,"6",2025-04-14,"PBL",0,0,0,0
"St James",2022,"1",2022-10-12,"Annual",0,0,0,0
"St James",2022,"2",2022-10-12,"Annual",0,0,0,0
"St James",2022,"3",2022-10-12,"Annual",0,0,0,0
"St James",2022,"4",2022-10-12,"Annual",10,0,10,90
"St James",2022,"5",2022-10-12,"Annual",0,0,0,0
"St James",2022,"6",2022-10-12,"Annual",0,0,0,0
"St James",2023,"1",2023-10-19,"Annual",0,0,0,0
"St James",2023,"2",2023-10-19,"Annual",0,0,0,0
"St James",2023,"3",2023-10-19,"Annual",50,0,50,50
"St James",2023,"4",2023-10-19,"Annual",57.5,0,57.5,42.5
"St James",2023,"5",2023-10-19,"Annual",90,0,90,10
"St James",2023,"6",2023-10-19,"Annual",0,0,0,0
"St James",2024,"1",2024-04-26,"PBL",0,0,0,0
"St James",2024,"1",2024-10-29,"Annual",0,0,0,0
"St James",2024,"2",2024-04-26,"PBL",0,0,0,0
"St James",2024,"2",2024-10-29,"Annual",0,0,0,0
"St James",2024,"3",2024-04-26,"PBL",0,0,0,0
"St James",2024,"3",2024-10-29,"Annual",0,0,0,0
"St James",2024,"4",2024-04-26,"PBL",0,0,0,0
"St James",2024,"4",2024-10-29,"Annual",0,0,0,0
"St James",2024,"5",2024-04-26,"PBL",0,0,0,0
"St James",2024,"5",2024-10-29,"Annual",0,0,0,0
"St James",2024,"6",2024-04-26,"PBL",0,0,0,0
"St James",2024,"6",2024-10-29,"Annual",0,0,0,0
"St James",2025,"1",2025-03-21,"PBL",0,0,0,0
"St James",2025,"2",2025-03-21,"PBL",0,0,0,0
"St James",2025,"3",2025-03-21,"PBL",0,0,0,0
"St James",2025,"4",2025-03-21,"PBL",0,0,0,0
"St James",2025,"5",2025-03-21,"PBL",0,0,0,0
"St James",2025,"6",2025-03-21,"PBL",0,0,0,0
